PK_NestSite,UTM_Long,UTM_Lat
001A,433553,4930140
002A,412281,4906670
002B,412169,4906650
002C,412259,4906640
002D,412167,4906610
002E,412212,4906650
002F,412260,4906670
002G,412223,4906630
003A,422475,4898700
003B,423476.4315,4899327.798
003C,425194,4898910
004A,437344,4903150
004B,436657,4902860
004C,436616,4902570
005B,439421,4890980
005C,439359,4890880
005D,439363,4890910
006A,442656,4892090
006B,439961.622,4891874.983
007A,436986,4880270
007B,436453,4879710
007C,437126,4880170
007D,436251,4879430
008A,435939,4877640
008B,436418.8387,4877490
008C,437867,4876010
008D,436245.0663,4877249.505
008E,436521.7549,4877815.929
008F,436466.7646,4878004.316
008G,435523,4876990
008H,434772,4876260
008I,435132,4876180
008J,436398.7239,4877455.382
008K,436527.2502,4877830.941
009A,435300,4874830
009B,433972.2596,4872804.239
009C,435209,4874650
009D,436420,4874320
009E,433857.4709,4872719.079
009F,433407.975,4873081.654
009G,433841.8084,4872680.875
010A,431340,4871070
010B,431326,4871020
010E,431311,4870970
011A,433322.0937,4866804.141
011D,433355,4866870
011E,434042,4867290
011F,434089.2969,4867423.327
011G,434031,4867560
011H,433819,4867610
011I,434039,4867420
012A,437276,4867320
012B,438546,4866650
013C,439217,4860990
013D,437853,4860460
013E,439135.8512,4861060.583
013F,439327.5051,4859026.335
013G,441020.8872,4859284.625
014A,457419,4878920
014B,457133.8645,4878832.02
014C,457350,4878860
014D,457466.1568,4878947.829
014E,457451.6,4878902.863
015A,511626.3519,4880321.447
016A,501482.8766,4891045.138
016B,501291,4891010
016C,501481,4891140
016D,501440.8316,4891072.155
016E,501348.338,4891009.338
016F,501361.273,4891003.546
016G,501534.7209,4891356.615
017A,514740.4791,4892730.151
017B,514737,4892800
017C,516539,4891970
017D,516314,4892050
017E,516334.268,4892022.346
017F,516454.5395,4891970.265
020A,520456,4918850
020B,521195,4919550
020C,520270,4918970
020D,521212.1542,4919495.851
020E,520460,4918770
021B,525042.4011,4915124.991
021C,525356,4914840
021D,525340,4914850
021E,NA,NA
022A,533612.2217,4910704.171
023C,551229.2212,4886878.417
023G,551241.9622,4886921.22
023H,NA,NA
024A,550296.1801,4892232.133
024C,550093.3223,4892239.649
024D,550272.0611,4892253.574
025A,551647.367,4901262.13
025B,552239.8744,4900845.804
025C,552056,4902480
026A,553890.489,4911675.174
026B,550497.4814,4912799.2
026C,551555,4912160
026D,551701.4736,4913488.702
026E,554009.5519,4911604.02
026F,553946.8027,4911617.156
027A,544129.7186,4910658.933
028A,553073.0301,4919211.468
028B,555376.5404,4918916.111
028C,555287.2172,4918768.283
028D,552866,4920090
029A,544125.4784,4931192.458
029B,544493,4931400
029C,543593,4930550
029D,543720.772,4930640.264
029E,544011,4928990
029F,544331,4931328.295
029G,544586.2612,4930789.203
029H,544299,4930699
030A,549531,4947520
030B,549463,4947630
030C,549526.0388,4947276.078
031E,557853,4929520
031F,557860,4929630
031G,NA,NA
032A,555012,4929720
032B,555042,4929690
032C,556509,4928120
032D,556372,4927460
032E,555181.6682,4930809.282
032F,555098.8405,4930812.88
033B,557570,4934480
033E,556538.1806,4933793.649
033G,556902.9574,4933651.836
033I,557915.6043,4934358.073
034A,560467,4935680
034B,560756,4936460
034C,560119.6991,4936579.464
034D,560664,4936830
034E,560464.9927,4936147.316
035A,563182,4926930
035B,559971,4928360
035C,563243,4925070
035D,563288,4925100
036A,563250,4931130
036B,564919.9746,4931102.66
036C,563430,4931280
036D,563749.9351,4929127.287
036E,561912,4930120
036F,562067,4930130
037A,566141.5556,4923806.846
037B,565668,4924110
037C,567176,4923880
037D,567142,4923860
037E,567031.7153,4925433.321
037F,567084.0737,4925386.348
037G,566404,4925570
037H,565483,4923960
037I,567118,4923830
037J,567046,4923840
038A,570699,4924590
038B,570615,4924600
038C,570587,4924740
038D,570268.2952,4924772.793
038E,570659,4924680
039A,568521,4921600
039B,568644,4921740
040A,565504,4917020
040B,566602,4917070
040C,566658.5182,4917156.815
040D,566423,4916790
040E,566884.6169,4917358.295
040F,566266.723,4917071.126
041A,565214,4915210
041B,565372,4915350
041C,564226.2881,4916617.07
041D,564275.7676,4916588.558
042A,569584.4848,4915933.73
042B,568707,4915350
042C,568697.2737,4914838.871
042D,569053.9409,4914822.845
043A,577158.4639,4908666.16
043B,577219,4908740
043C,577212.1546,4908956.603
043D,577201,4908770
043E,577220.1546,4908829.392
043F,577190.7533,4908744.296
043G,577115.3416,4908704.725
043H,577160,4908940
043I,577164.763,4908889.729
043J,NA,NA
044A,584155.4676,4922341.007
044B,584100.5479,4922819.145
044C,583978,4924220.578
045A,583657.4507,4927973.291
045B,581852.0899,4927008.658
046A,591513,4922680
046B,591520,4922790
046C,591502.7368,4922552.37
046D,591204.6193,4922500.256
046E,591513.106,4922466.05
046F,591464.5459,4922634.048
047A,595287.132,4925142.582
047B,596905,4925490
047C,595341.8974,4925183.336
047D,595298.8512,4925121.597
048A,594911,4929300
048B,595007.1675,4930085.361
048D,593033.7428,4929961.486
048E,595028,4929870
048F,595106.4309,4929668.619
048G,595059.9365,4929951.413
048H,NA,NA
049A,598300,4932360
049B,598266,4931610
049C,598015,4932080
049D,599209,4932500
049E,597960.2758,4932073.975
049F,598082,4932110
049G,597953.1411,4932039.028
049H,598041.7663,4932754.739
050A,574641,4963950
050B,576465.0966,4963914.853
051A,603858,4926600
051B,603883.402,4926484.608
051C,603831,4926660
051D,603928.549,4926626.451
051E,603718.0449,4926660.533
051F,602873.9097,4927230.334
052A,605816.2943,4931103.479
052C,605805.883,4931071.353
052D,605822,4931080
052E,605810.3954,4931036.715
052F,605788,4931050
052G,605804.2181,4931110.387
052H,605819.179,4931090.398
052J,605786.669,4931013.032
053A,614744,4928110
053B,614799,4928190
053C,614745,4928180
053D,615049.1787,4928833.075
053E,NA,NA
054A,616576,4932000
054B,616827.9317,4932001.504
054C,616430.07,4931964.481
055A,620479.7274,4935242.159
055B,620484,4935310
055C,620525.7759,4935316.412
055D,621291.1577,4936130.398
056A,617237.2234,4941148.282
056B,617246,4941090
056C,617270.8033,4941139.525
056D,616353.5811,4941241.21
056E,616425,4941730
056F,616466.5818,4941762.589
056G,617228.9837,4941095.842
057A,629667.8298,4947175.998
057B,629554.3969,4947061.942
057C,629489,4947020
057D,630258,4947260
057E,629552.9673,4947117.518
058A,623573.6627,4952448.275
058B,623840.8276,4952379.141
058C,623152.7389,4952433.886
058D,624647.991,4951171.598
058E,623284.5007,4952350.398
058F,623896.094,4952483.545
059A,620379,4961040
059B,620621,4960770
059C,620047.2347,4962441.451
059D,620176,4962250
060A,630018.4822,4961195.261
060B,629897.5114,4961121.065
060C,629707,4960480
060D,629709.2302,4960465.254
061A,616606.6515,4973549.143
062A,642805,4962150
062B,645609,4962370
062C,644360.0665,4962920.96
062D,642673,4962040
063A,645568,4965780
063B,645829.6565,4965883.003
063C,646108,4966220
063E,646029.8957,4966314.237
064A,646093,4970300
064B,645534,4971050
064C,646175,4970220
065A,645004,4973390
065B,645685,4972780
065C,645645.155,4972878.351
065D,645299,4973360
066A,641840,4973320
066C,641564,4973430
066E,642868.3174,4974041.437
066F,640793,4974460
066G,641679,4974700
067D,646754,4976910
067F,646000,4977270
067G,646959,4976620
067H,646697,4976950
067I,646722.878,4976759.292
068A,648614,4971550
068B,648653,4971820
068C,649018.0145,4971958.127
069A,648867,4977210
069B,648587.8194,4976673.598
069C,647907.0576,4977582.671
069D,648148.1805,4977579.378
069E,648337.6688,4978183.416
070A,653480,4969940
070B,653229,4969700
070C,653210,4969670
070D,653035,4969500
071A,647811.7556,4983719.51
071B,647171,4984360
071C,647004,4984340
071D,648056.6077,4983926.354
072A,639782.1815,4999907.859
072B,640025.4617,4999954.247
072C,640557.4652,4999230.748
072D,640643.4145,4998793.952
072E,639079,4999460
072F,639110,4999360
073A,636673.1001,4998988.7
073C,635806.3601,4999547.454
073D,636090.8138,4999790.854
073E,636066.0056,4999645.157
073F,634742.8955,5000734.989
074A,613162.9869,4994763.945
074B,613295.0102,4993771.322
074C,613586.2112,4993973.345
074D,612957.1439,4994678.123
075A,557518.8285,4987273.501
075B,556757,4986670
075C,557488.8353,4987258.663
075D,557527.5052,4987371.323
076A,566252,4988650
076B,565859.5035,4988249.05
076C,567006.2035,4987912.176
076D,567128.1827,4988744.615
077A,589137,4996820
077B,586783.6457,4996925.58
078A,583420.8404,4999636.796
078B,584069.2149,5000632.073
078C,583759,4999090
078D,584587,4999910
079A,585666,5003880
079B,585456,5004180
079C,584403,5003690
079D,584601.8323,5004849.734
080A,601952,5000230
080B,603003,5.00E+06
080C,603011,5000600
081A,581481,5014270
081B,584176,5012090
081C,582699,5013280
082A,615465,5012710
082B,615015,5013350
082C,615483,5012860
083A,610597.4693,5032834.765
083B,610771.2958,5033142.008
083C,610833.7584,5032864.724
083D,610757.2007,5033217.205
084A,590577.5957,5037003.115
084B,591047.3637,5037196.574
084C,589204,5037360
084D,590723.1388,5037803.085
085A,591772.0876,5051202.267
085B,591690.9059,5050182.944
085C,588911.4325,5051989.155
085D,589724.7299,5051146.594
085E,588946,5051860
085F,589138.5751,5051991.349
085G,589422.0572,5052089.763
086A,600397,5058860
086B,600481,5058720
086C,600651,5059200
087A,517752,5069180
087B,517108,5068720
088A,495489,5078010
088C,497034.6208,5078945.845
088D,495312,5077900
088E,496231,5077500
088F,494729.0739,5078395.742
088G,496379.656,5077531.5
088H,NA,NA
089A,503379,5067730
089B,503880.6668,5067206.808
089C,504023.9544,5067031.589
089D,503074.9641,5067910.805
089E,504521.4462,5067373.861
090A,476379.1011,5128093.756
090B,476183,5128680
090C,477835,5129540
090D,472991.2521,5128788.282
090E,473493.613,5128725.862
091A,453110.4697,5116022.791
091B,452899.6114,5115590.169
091C,452152.9275,5115342.017
091D,452903.4811,5114472.982
092A,454999,5068340
092B,453032.3688,5061096.847
092C,454999.9421,5064404.647
092D,450311.4518,5058819.268
092E,454342.0391,5064380.762
092F,455176.9028,5064073.524
092G,455114,5064660
092H,456469.6149,5066150.205
093A,525668,4939510
094A,512076,4938630
094B,511293,4939310
094C,511143,4940520
094D,513718.8204,4940119.024
095B,528965.2626,5001395.854
095C,529100.2727,5001663.278
096A,527575,5015042.726
096B,528267.9645,5015180.848
096C,528378.4608,5014486.433
097A,541958.9322,5048911.887
097D,542561.8972,5048874.444
098A,528786,5056010
098C,529540.6096,5054211.792
098D,528309.0291,5056104.18
098E,528613.989,5056043.091
099A,415188,4840290
099B,433982,4872770
099C,NA,NA
100B,546894.6575,4943451.589
101C,643409.1818,4974661.624
102A,439231,4883940
102B,438436.0721,4883674.645
103A,453758.6898,4872045.565
104A,460318.7671,4863882.292
105A,465404,4873330
106A,480597.8246,4883421.525
106B,480472,4884610
106C,480450,4884080
106D,480669.0024,4884255.345
106E,480489.738,4884579.337
107A,507619,4877830
107B,508324,4877950
107C,508341,4877440
107D,507650.436,4877844.813
107E,508306.079,4877892.949
107F,508304.2191,4877656.287
107G,NA,NA
108A,513964,4883210
108B,514054,4883400
108C,516323,4883050
108D,516461,4882710
108E,515279,4882130
109A,514370,4887000
109B,514516,4887150
110A,589509,4926860
111A,620016.0918,4939680.918
111B,619901.858,4939885.716
111C,619984.7039,4939760.678
111D,618229,4938830
111E,618389,4938750
111F,618991,4938190
111G,619471.6358,4938178.435
112A,429344.9011,4983810.198
113A,486547.5304,5033210.895
113B,485485.8658,5034280.52
114A,519001.8044,5112827.675
115A,528926,5123440
115B,528062,5122650
116A,516255,5183890
116B,515907.5665,5186907.775
116C,515802.5003,5186821.182
116D,515372,5186938
116E,515294.6819,5187774.637
116F,NA,NA
117A,619602.1656,5012479.672
117B,622125.4694,5008639.782
117C,620165.3601,5012332.794
118A,636053,4970370
118B,635997,4970390
119A,614065,4927100
119B,614001,4927140
119C,612416,4926650
119D,612813,4926740
119E,614026,4927100
119F,613976.1112,4927138.042
119G,614058.5304,4927117.15
120A,491784,5079800
121C,636171,4942090
122A,569468.8993,4918599.468
122B,569523.4291,4917513.554
122C,569136.6356,4918752.206
123A,644649,4977880
123B,644834.667,4979094.717
124A,602457,4989290
124B,602293,4988120
124C,601647,4989910
125A,608677.9635,4927005.111
125B,608545.7638,4927146.037
125C,608727.4514,4927189.318
125D,608816.7675,4927184.736
125E,608781,4927210
125F,608638.985,4926978.099
125G,NA,NA
126A,629019.9019,4965028.489
126B,630584,4965110
126C,630192,4965460
126D,NA,NA
127B,600340.8702,4934448.863
127D,599764.7436,4934239.547
127E,599835.266,4934700.003
128A,625103,4942730
128B,623796.832,4942598.932
128C,623870,4942550
129B,644915.0183,5000619.224
129C,646836.2423,4998888.121
129D,645456.9177,4999054.466
129E,NA,NA
130A,613894,5002270
130B,615772.6197,5002806.4
130C,614052.577,5001143.013
130D,NA,NA
131A,623556.9228,4948582.599
131B,623526.4015,4948431.479
132A,634891,4994100
132B,634888,4994000
133B,649308.0972,4978612.118
134A,476643.6453,5076211.36
134B,476577.9032,5075998.385
135A,575401.9549,5006909.835
136A,654894.9096,4971388.46
136B,654708,4970730
137A,593601,5065800
137B,595371.8806,5066984.511
137C,593590.7152,5065850.106
137D,593599.8551,5065825.167
138A,560417,4891410
138B,560047,4888920
138C,560224.4849,4889587.737
138D,560314.2984,4889636.285
138E,560113,4889100
138F,560064,4889010
138G,559990,4888970
138H,560246.286,4889611.646
139A,491687.7141,5154972.008
139B,490656.0758,5155249.888
139C,491321.1935,5155518.25
139D,491821,5155387
139E,NA,NA
140A,617252,5012390
140B,617275,5012290
140C,617292,5012350
140D,617132.3005,5012320.95
141A,518546,5053150
141B,518774.7903,5052337.944
141C,518842,5053050
142A,580697.398,4959876.203
142B,578875,4959890
142C,580701.1813,4959536.352
142D,579628.1652,4958910.943
143A,564988.7534,5090422.531
143B,564739.4997,5090627.777
143C,NA,NA
144B,586324,4923650
144C,586280.308,4923680.151
144D,586258.083,4923732.935
145A,580563.3677,4926851.781
145B,579778,4924610
145C,579624,4924930
145D,578807.7581,4924366.733
146A,530939,4876870
146C,531156,4877540
146D,530901.5161,4876350.91
147A,530971,4886940
147B,531905.6831,4886530.798
147C,531001.3121,4886932.125
147D,530959.0017,4886952.463
148A,608854.2381,4928044.508
148B,608931,4928120
148C,608806.438,4928054.5
148D,609022.338,4929710.266
149A,538375.1004,5026160.209
149C,537768.6564,5025885.292
149D,538333.9541,5025567.286
150B,541016,4894230
150C,540763,4894320
150D,540752,4894280
151A,546374.8386,5034385.908
151B,546055.1522,5035065.929
152B,540624,4885690
152C,540600,4885660
152D,540686,4885740
152E,540640,4885620
152F,540642.4413,4885655.639
153C,612916,4930740
153D,613722,4930210
153E,613683.6713,4930224.413
154B,536123.0583,5024362.792
154C,535594,5023630
154E,536890.895,5024472.812
155A,466106.9716,4868042.184
155B,467056.0336,4868427.157
155C,465765,4869010
155D,465911,4869120
155E,465931.0367,4867816.202
156A,391519,5008350
156B,389338.6638,5006623.605
156D,389573.9873,5007434.55
156E,389263.2893,5008017.503
156G,NA,NA
157A,519970,4899010
157B,520768,4899190
157C,519796.3598,4899168.098
158A,604803.185,4934340.336
159A,482786,4967830
159B,484534.1194,4967191.623
159C,481471.9924,4968876.879
160A,618406.346,4968793.757
161A,646198.7268,4985826.546
161B,646537.174,4986561.794
161C,NA,NA
162A,629336.2732,4939937.443
162B,629497,4939810
162C,629459.08,4939788.609
162D,629348.3786,4939722.132
163A,450803.6898,5120418.724
163B,450798.9241,5120238.235
163C,451029,5120210
163D,451642,5119240
164A,626818,4953160
164B,626890.4781,4953284.633
164C,627026.9288,4953457.574
165A,658782,4971850
165B,658708,4971360
165C,658576.5554,4971549.206
165E,NA,NA
166A,519212.8193,4931045.19
166B,519231.7333,4930891.389
167A,598956.9529,4928604.465
167B,598948.4324,4928623.268
167C,598914.4079,4928634.488
167D,598905.9885,4928585.493
168A,435617.2585,4854497.913
168B,435483.9895,4854072.835
168C,435508.7643,4854126.941
168D,435831.546,4853954.29
169A,541486.0505,4916366.341
169B,540801,4917530
169C,540879,4917660
169D,540859,4917550
169E,540904.3484,4917643.82
170A,561168.387,4945802.529
170B,561030.4773,4945912.181
170C,560248.1888,4944771.315
171A,643703.0999,4972651.109
171D,643106.1812,4973235.735
171F,643428.6956,4972937.595
171G,642810.1777,4973244.252
172A,542694.1531,5003838.264
172B,NA,NA
173A,476700,5142230
173B,476717,5142310
173C,476930,5141780
173D,476993.806,5142129.312
174A,523828.4791,5027300.616
174B,525084.217,5026253.13
174C,NA,NA
175A,506387,5037150
175B,507584,5036820
176A,525077,5036850
176B,NA,NA
176C,NA,NA
177A,437946.2475,5044755.964
177B,438930,5044860
177C,440124,5045150
178A,429444,4868950
178C,429403,4868910
178D,429428.696,4868965.607
178E,429394.6548,4868945.337
179A,526684.9825,4883931.405
179B,526806.4574,4883980
179C,526246.9428,4883599.864
179D,526686.4392,4884065.365
179E,526220.6077,4883556.872
179F,526718.5014,4884111.903
180A,625500.2659,4940277.885
180B,625442.9198,4941191.662
180C,625768.8893,4939862.978
180D,NA,NA
181A,457706,5120950
181B,458990,5120460
181C,458303,5119490
181D,458599,5120350
181E,460024,5119750
181F,NA,NA
182A,431739,5086020
183A,615860.2059,4937141.741
183B,615862.883,4937073.819
184A,527873,4995100
184B,527934,4995230
185A,427983,5053910
185B,428322,5054940
185C,429112.032,5053651.237
186A,470457.2283,5104260.717
186B,470419.0823,5104341.265
187A,583217.0559,4916525.982
187B,583276.0289,4916555.492
187C,583251.6596,4916586.997
187D,583207.1727,4916616.339
187E,583167.5853,4916594.776
188A,577992.6021,4943283.153
189A,584938.2915,5019603.776
189B,584891.5074,5019513.614
189C,583705.7153,5020231.906
189D,583715.1101,5020212.477
189E,583715.8601,5020222.533
189F,583250.9306,5020312.67
190A,546806.0126,5045232.042
190B,546439.2161,5044938.011
190C,546920.4089,5044927.598
190D,546994.6537,5045028.575
190E,546908.3723,5044988.165
190F,547760.2076,5044968.598
191A,493443,4868500
191B,493464.6334,4868473.209
191C,493633.14,4869249.904
191D,493439.1052,4868541.133
192A,439086,4887330
192B,439070,4887360
192C,439446.464,4886984.598
193A,513864,4900640
193B,513716,4900850
193C,513646.15,4900886.513
193D,513521.796,4901559.879
193E,513234.5688,4901474.899
194A,659242,4970280
194B,659272,4970280
195A,606453,4929690
195B,606479,4929880
196A,605144.1759,4926256.176
196B,605142.581,4926294.378
197A,558988.8178,4933939.269
197B,557861.9895,4932515.307
197C,558277,4933250
197D,557830,4932420
197E,558672.8928,4931831.944
197F,556861.7933,4932594.378
197G,558395,4933120
197H,558465.36,4933224.665
198A,545988.7529,4886019.885
198B,545901.4133,4885999.113
198C,545965.2167,4885997.838
198D,545965.3556,4885993.093
199A,523145,4962960
199B,523419,4963250
199C,523142.0457,4962981.437
199D,523280.7047,4963269.064
200A,580573,5005730
201A,547717.1182,4914631.044
201B,547760,4914400
202A,414585.2927,4850895.94
202B,415789.2867,4851728.951
202C,415553.4941,4851469.669
202D,415826.4779,4851874.104
203A,470554,4954470
203B,467164.9502,4951370.053
204A,427336.0852,4866740.256
204B,428558.4702,4865803.515
204C,429153,4865980
205A,558179.6423,5018336.183
205B,558712.7408,5017712.472
205C,558173.702,5018393.458
206A,645948.7295,4996428.966
207A,549221.1315,5206215.445
207C,548517,5207710
207D,548628,5207540
207E,548736.783,5207359.863
207F,NA,NA
208A,549463.9329,5041031.082
209A,459070,5045060
209B,459752,5046340
209C,459091.844,5045117
210A,516062.3726,4911743.081
210B,515921,4912080
210C,514846,4912620
210D,518022.8076,4912032.465
210E,515721.4872,4912598.562
210F,514861.1815,4912592.657
211A,643179,4945820
211B,643188,4945830
211C,643219.9424,4945810.051
211D,643164.5474,4945765.154
212A,450212.2391,4877064.895
212B,450332.0001,4875479.407
212C,NA,NA
213A,528843.3422,5009476.401
214A,533864.3082,5051513.603
214B,529115,5053840
214D,531844.74,5052586.668
215A,534058,4882850
215B,534048,4882700
215C,534108,4882750
215D,534113.7105,4883141.088
216A,473935,5157730
216B,474024,5157410
216C,471750,5158406
217A,453869,4860630
217B,453367,4861470
217C,453879.59,4860677.519
218A,648500.6754,4968927.848
219A,336737.621,4961432.871
219B,338830,4961490
220A,513440,4950010
220B,512515.344,4950254
221A,564174.3706,4955769.621
221B,562281.2047,4958321.444
221C,562264.4458,4958421.246
222A,622437.2052,4968908.678
222B,622312,4969220
222C,622446,4969100
222D,621135.9828,4968676.69
222E,621326.6927,4971029.395
223A,652919.5378,4979632.332
223B,652588.0627,4981704.188
224A,638886,4943100
224B,638818,4943100
224C,638795,4943200
225A,354685.1569,4977031.257
225B,354759,4977094
226A,550378.6696,5213670.235
226C,550288.5043,5213382.94
226D,NA,NA
227A,554484.5788,5222066.423
227B,555536,5223410
227C,555464,5223550
228A,536339,5186080
228B,537544,5186040
228C,536367,5186327
228D,537357.766,5186186.654
228E,537310.01,5181086.034
228F,NA,NA
229B,532896,4896490
229C,533266,4896380
229E,532613.3592,4896541.967
229F,532902.266,4896361.55
229G,NA,NA
230A,345344.4148,4889350.975
230B,346507.972,4891173.845
231A,459145.1883,4974842.384
231B,459371.2202,4974279.703
231C,457894.539,4974569.114
231D,457685.3699,4975094.619
231E,NA,NA
232A,632183,4949110
232B,632243,4949120
232C,NA,NA
233A,650833.0098,4983289.554
234A,589704,5009610
235A,485095,5140780
235B,485311,5143210
235C,485473,5143339
236A,525673.0699,5053904.37
236C,525328.0098,5052514.353
236D,524899.786,5051810.812
237A,467821,4861880
238A,484135,4870200
238B,484111.849,4870212.568
239A,561017,4978060
239B,561022,4978010
240A,447384,4864690
240B,446899.179,4863163.443
240C,446788.845,4863291.715
241A,560203.9914,4919077.194
242A,592294,4933420
242B,592470.7799,4932978.361
243A,594918.1533,4933385.624
244A,435151,4922940
244B,434628.1022,4923485.6
244C,436278.422,4924729.01
245A,507542,5053210
245B,505551.805,5052697.088
246A,543790.5633,4906505.709
246B,543899.2505,4906443.116
246C,543730.9538,4906821.344
247A,561285.3006,5224981.604
248A,539258,5064280
248B,540034,5064660
249A,445369.6202,4856277.797
249B,445210.4932,4854657.878
249C,445226,4854560
249D,445307.931,4854714.769
250A,506090,4909220
250B,506078.489,4909118.743
251A,455515.6383,4935138.441
251B,455439,4935040
251C,455996.17,4934985.365
251D,455926.234,4934949.843
251E,NA,NA
252A,350469.296,4968750.269
252B,350985,4970270
252C,352427.2874,4971394.461
252D,353097.228,4970281.612
252E,354631,4970747
252F,354274.5415,4970429.647
253A,496313.1571,4879400.798
253B,496172.6217,4878851.081
254A,562593,4901320
254B,562567,4901240
254C,560224,4899330
254D,560096,4899340
254E,559855,4899600
254F,560182,4899390
254G,NA,NA
255A,580466,4973480
256A,609293.6722,5009579.995
256B,609058.7682,5011143.137
256C,610148,5007880
256D,610307,5008930
257A,424531.2496,4854356.647
257B,423730.4833,4854463.888
258A,577161.9716,5017849.864
258B,578026.8156,5018359.482
259A,605430,5007360
259B,605507,5007330
259C,604339.323,5005188.876
259D,NA,NA
260A,612211,5010860
260B,610915.618,5012877.911
261A,550499.4692,4899638.736
262A,445339,4924220
262B,445135.689,4924313.617
262C,445217.3799,4924264.995
263A,646778.0089,4964670.825
263B,645831.245,4964517.839
263C,NA,NA
264A,481438,5082150
265A,609786.2495,4924099.798
265B,NA,NA
266A,627829.952,5000200.697
266B,628353.6448,4999664.076
267A,591049.4525,4919884.108
267B,591111.1354,4919733.854
268A,408592.9374,4849861.445
268B,409592,4849530
268C,409271.589,4849369.794
269A,548895,5042920
269B,549041,5042790
269C,548377.6389,5043091.204
270A,472830.5162,4940946.903
270B,472840.3483,4940891.387
270C,474824.874,4943001.683
270D,474790.0749,4943047.47
270E,474164.4864,4942957.062
270F,474395.5871,4942317.665
271A,500731.8589,4931440.824
271B,500849.8431,4931387.492
271C,NA,NA
272A,440128,4882080
272B,440187,4882770
272C,440345.9602,4881756.404
272D,440211.7422,4882811.721
273A,637436.6072,5004467.196
273B,637532.942,5004296.068
274A,403558.9531,4892227.276
274B,403719.9238,4892036.875
275A,477173.9666,4983767.059
275B,477308.5616,4983823.003
275C,474512,4980930
275D,478470.554,4984100.351
275E,476494.7003,4985769.335
276A,511849,4875140
276B,511766,4875050
276C,511024.4432,4874806.788
276D,510898,4874960
277A,528428,4972667.967
277B,NA,NA
278A,453779,4940140
278B,453721.6845,4940161.448
278C,453281.957,4939182.598
279A,487280,5159330
279B,486400.4077,5156598.235
279C,487782.5293,5158433.621
280A,440603.4894,5059186.691
281A,391353,5011110
282A,367667.0376,4946616.593
283A,615205.0204,5048917.968
283B,615181.8948,5048950.093
284A,532662,5134760
285A,509529,5062030
285B,509337,5061660
285C,NA,NA
286A,555710.3476,4920714.29
287A,432605,4940670
287B,432686.233,4940306.957
287C,432226.864,4940971.291
288A,612686.7471,4943375.105
288B,612873.772,4943363.23
288C,NA,NA
289A,528252.0221,5055172.095
289B,527318.9732,5053600.155
289C,528210.6296,5054802.976
290A,435495.2424,4850646.249
290B,435523.367,4850932.31
290C,NA,NA
291A,429562,4957600
292A,453004.123,4847188.254
292B,452902.723,4847192.225
292C,452885.3345,4847079.837
292D,452748.7388,4846806.741
293A,526575,4913220
293B,525725.9318,4912501.215
294A,510879.1288,4884396.935
294B,512025.606,4883245.161
295A,471552.5171,4868010.325
295B,471783.8506,4868323.607
295C,NA,NA
296A,573715.1134,4994833.962
297A,571871,4912030
297B,572085,4911900
297C,571927.076,4911705.688
298A,630419.4158,4944442.764
298B,629704,4944720
298C,630234.1983,4945667.557
299A,553518.3423,5058653.387
300A,547754,4925720
300B,NA,NA
301A,422378.0847,5004675.254
301B,422476.7574,5003878.919
301C,422456.0813,5003957.506
302A,396893.9437,5004160.284
303A,518274.8736,4894099.123
303B,518149.654,4894388.24
303C,518306.333,4894181.516
304A,529604,5004450
304B,529250.3444,5005334.002
304C,529635.1385,5004894.044
304D,529629.101,5004357.872
305A,533399,4962870
306A,491550.5655,4900088.875
306B,491083.9638,4900927.635
307A,544920,4891000
307B,544674.791,4890872.003
307C,544757.557,4890949.439
308A,449056,4918060
308B,449075.9541,4918021.327
308C,448360.2978,4917316.831
309A,401404,5045800
309B,401476,5045840
310A,576457,4911190
310B,576476.9505,4911184.757
311A,338943.738,4954264.189
311B,338344.956,4954331.278
312A,521375,4908820
312B,520363,4908660
312C,521582.4622,4908814.339
313A,550599.2219,4883172.157
313B,550669.8419,4883030.257
313C,550662.095,4883018.196
313D,550718.1427,4883013.756
314A,541229,4901790
314B,541230.5,4901724.5
314C,541271.478,4901775.673
314D,540841.265,4902529.737
314E,541345.693,4901758.557
314F,541472.693,4901765.172
314G,541562.4856,4901841.172
315A,592538.3295,4932185.249
315B,592752.71,4932202.293
316A,427287.5762,4857326.797
316B,427319.7627,4857416.729
316C,427913.1284,4856891.516
316D,427872.9228,4856673.197
316E,427034.6392,4856892.832
317A,447566.175,4906387.29
317B,447487.792,4906475.725
318A,513342.6963,4979116.854
319A,521167.914,4951625.342
319B,520388.715,4953096.106
320A,420780.707,5077311.216
320B,NA,NA
321A,453250,5140860
321B,453443,5140460
322A,482815.1869,5135326.881
323A,540330,5029540
324A,520625,4903350
324B,520668.2463,4903231.396
325A,513814.516,4945630.376
325B,514435.6272,4946210.449
325C,513787.95,4945685.563
326A,533508,4890720
326B,533496.5744,4889554.708
327A,533356.2619,4940720.772
328A,527655.8994,4877805.641
328B,527668.813,4877002.761
329A,585914.9942,4924791.566
330A,526702.2568,5128559.909
330B,526512.3338,5128624.133
331A,534954.9007,5013040.814
332A,475421,5058580
333A,421902,4902780
333B,421881,4902800
333C,422393.9565,4901624.57
334A,410227.0135,4871635.389
334B,409867.2328,4871013.667
334C,410258.9574,4871614.567
335A,456598,4873530
335B,456959.218,4871843.554
335C,456575.8564,4873577.919
336A,485676.4738,4915841.27
337A,586857.4766,5183150.668
337B,587015.6237,5183018.123
338A,530111,5018150
338B,530728.2435,5018756.935
338C,530762.5047,5018780.759
339A,510122,4920140
339B,513448,4923150
339C,510111,4921670
339D,511140,4921150
340A,508324.2542,4904728.204
340B,508053.3118,4903423.809
340C,507595.823,4902803.765
340D,508673.3429,4904987.459
340E,506251.5874,4903437.775
341A,417945,4928430
341B,417344.0073,4926355.56
341C,416797.3294,4927886.059
341D,416645.5964,4928206.179
342A,613006.8552,4923139.229
342B,612911.6984,4923111.916
342C,NA,NA
343A,508060.2299,5151083.741
343B,508268.4793,5151362.066
344A,574499,5103481
344B,572794,5104203
345A,434170,4858280
345B,434163.07,4858121.301
345C,434192.867,4858229.893
346A,551418.1319,4919460.76
346B,551498.7796,4919475.813
347A,429088.4875,4889376.239
347B,429595.7114,4888564.657
348A,515729.4848,5168061.441
348B,515481.4,5167932.65
348C,NA,NA
349A,469809.0731,5130826.18
349B,470841.502,5133111.211
350A,568921,5044900
351A,435312.8047,4866115.552
351B,435550.1463,4865505.121
352A,617357,4935156.314
352B,617520.9286,4935381.487
352C,617235.966,4935200.011
353A,628289,4991270
353B,628012.933,4990369.953
353C,627692.444,4991003.395
353D,628817.109,4993152.647
354A,505134.1052,4984464.835
355A,474812,5016030
355B,473943.608,5015453.731
355C,NA,NA
356A,406608.2943,4922363.936
357A,527939,4984720
358A,476787,5081060
359A,655756,4975670
359B,655610.543,4976199.196
359C,655726.366,4975677.805
359D,NA,NA
360A,561407,4948180
360B,561385.729,4948156.784
361A,495942,4894380
362A,508941,4912350
362B,508571.063,4911974
362C,509118.8,4912183.312
363A,506913.7583,5125981.988
364A,437459,5179270
364B,437505.975,5179785.406
364C,NA,NA
365A,348073.3657,4958322.25
365B,347940.0712,4959594.702
366A,648376.4357,4958539.823
366B,648877.3548,4958641.291
366C,651673.9403,4957415.202
367A,515544.8235,5162343.222
368A,473207,5120800
369A,542237.7868,4942894.917
370A,541588,4888640
370B,541142.1091,4887968.393
370C,540421.9995,4888464.414
370D,NA,NA
371A,514081,4904350
372A,587689.4466,5098083.241
372B,587635.19,5098665.55
373A,597263.3665,4929970.287
373B,597228.4176,4929963.904
373C,NA,NA
374A,527968,4894680
374B,527992.127,4894621.928
375A,522500,4890450
375B,522455.421,4890405.016
375C,523195.1692,4888520.372
376A,386158,4858800
377A,421975.2763,5008616.618
378A,616444,4982460
378B,NA,NA
379A,430193.2158,4863067.366
379B,430394.1845,4863369.998
379C,430558.6634,4863057.736
379D,430070.448,4862212.11
380A,432938.7142,4983101.37
380B,430816.0547,4981665.728
381A,646299,4971740
381B,645912.978,4972024.75
382A,486337,4955890
382B,NA,NA
383A,451996,4913290
384A,581747.505,5070055.668
385A,516431.5516,5053892.316
385B,NA,NA
386A,538954.36,5026543.86
386B,538809.7272,5027178.521
386C,NA,NA
387A,543015.3268,5048335.162
387B,542699.2006,5048045.654
387C,NA,NA
388A,502644,5075120
389A,471555.5246,5071090.912
390A,485294,5108690
390B,485324.758,5108995.661
391A,534448,4898640
391B,533964.171,4899889.99
391C,533968.848,4899922.378
391D,534308.3,4898746.363
391E,533315.2636,4899676.939
392A,504118.9704,4959000.275
393A,523408.344,4937178
394A,525156,4902140
394B,525009.8,4902330.563
394C,525128.661,4902598.44
395A,489874,4859450
395B,489989.6875,4858972.375
396A,429110,4847760
397A,430984.4247,4890992.624
397B,430446.017,4890082.768
398A,363555.273,4976975.203
398B,363521.2704,4976942.812
399A,582552.379,5168290.163
400A,469087.885,4874007.863
401A,593270.2926,4926304.451
401B,592722.099,4926204.895
402A,539131,4883520
403A,470017.7658,4893461.604
403B,470617.6393,4893827.487
404A,470567.5318,4904208.546
405A,404875.2404,4909882.024
406A,476941.588,4884216.927
406B,476700.7597,4883812.675
407A,412182.75,4890847.11
407B,412056.477,4890969.605
407C,412080.405,4891271.498
407D,412232.9925,4890970.706
408A,403446.8821,4888746.956
408B,403079.8043,4889238.455
408C,403005.652,4889634.628
408D,403044.3428,4889583.824
409A,478436.243,4893748.298
410A,427806.5488,4905581.823
410B,428926.71,4908583.319
410C,429428.838,4909192.685
410D,428977.872,4907334.943
411A,455350.121,4920260.292
412A,404117.0415,4926699.392
412B,404228.3097,4926554.337
413A,656628.2863,4973969.557
413B,NA,NA
414A,445201,4957377
414B,445216.2343,4957465.105
415A,431291.772,4978064.485
416A,438397.939,4931006.699
416B,438526.527,4931487.712
417A,557891.536,4934821.205
417B,558055.4754,4935046.466
418A,601129.319,4942132.955
418B,601408.72,4942313.93
418C,601278.0656,4941741.82
419A,595509.5588,4937326.926
419B,595465.2976,4937357.3
420A,588050.164,4919628.471
420B,588600.6878,4921172.995
421A,521861.7574,4921804.209
422A,522399.3959,4917651.778
422B,521455.345,4917196.17
422C,521665.321,4917901.269
423A,475037.947,4928344.285
424A,442011.3781,4863527.993
425A,649279,4968030
425B,649032.5019,4967783.13
426A,649446.7584,4970734.222
427A,637618,4940940
427B,637680,4940940
428A,620312.067,4937476.554
429A,542952.876,4892394.563
429B,543151.314,4892713.651
429C,543057.651,4892648.563
429D,543999.57,4891861.426
429E,543148.0189,4892382.564
430A,543192.708,4895544.412
430B,543199.133,4895520.714
430C,542114.5172,4896488.925
430C,543204.7356,4895456.732
430D,NA,NA
431A,446111.4669,4870678.747
432A,438389.158,4844162.849
432B,438462.158,4844244.279
433A,416919.598,4979503.236
433B,415787.063,4979207.754
434A,460965.0587,5037559.843
434B,462084.499,5037414.924
434C,461070.756,5037837.839
435A,592764.3285,4935364.09
436A,408952.06,5054622.84
437A,565884.251,4967431.072
438A,538490.0891,5130548.865
439A,499224.783,5063724.306
440A,503754.297,5054963.197
440B,NA,NA
441A,462269.681,5111000.936
442A,637238.067,4961895.011
443A,442054.948,4914746.109
443B,442057.902,4914703.449
443C,NA,NA
444A,398900.319,5052518.941
445A,558467.529,4903647.218
446A,593821.5782,5030835.625
446B,NA,NA
447A,544920.3714,5212786.604
448A,543272.1223,5031697.25
449A,553686.58,5081660.861
450A,536491.243,5125532.329
451B,425497.064,4862547.866
452A,597243,4956956
453A,360609.0717,4867454.767
453B,360548.9703,4867555.532
454A,390304.1077,4877520.52
455A,580426.9851,5172331.927
456A,531940.187,4948415.741
456B,531679.091,4948332.296
457A,525798.4676,4967927.953
457B,525343.7765,4967564.091
458A,550999.9508,4924844.076
459A,430757.991,4867556.345
459B,430784,4867560
459C,430792.635,4867604.538
459D,430793.37,4867584.604
460A,529564.8126,4998727.123
461A,514902.98,5066218.434
462A,521112.377,5039853.66
463A,533713.282,4980102.024
464A,516512.9712,4957119.979
464B,NA,NA
465A,454502.3459,4896874.834
465B,453917.4253,4896721.588
466A,395508.7716,4924845.278
466B,395400.1231,4925023.364
467A,565079.046,4997623.759
468A,545999.471,5018118.159
469A,616425.9074,4935962.113
470A,523914.3967,4886874.147
470B,523451.192,4885862.302
471A,515489.714,4876155.512
471B,516315.425,4877322.538
471C,516376.894,4877468.418
472A,495388.368,4873336.884
472B,495257.2757,4873311.492
473A,510842.8218,4895653.602
473B,511908.068,4897878.324
474A,470368.8437,4877928.031
475A,587235.595,4935556.099
475B,587152.927,4935743.615
475C,587455.5872,4935349.779
476A,582464.062,5051349.796
477A,564497.3587,5073604.084
478A,531357.5992,4896685.512
478B,530840.5037,4896848.34
478C,530243.0213,4897012.767
478D,530817.733,4896899.244
479A,535294.4473,4894946.894
479B,NA,NA
480A,507510.403,4886666.77
480B,508977.158,4886755.087
480C,509365.133,4887087.978
481A,507019.487,4881573.324
481B,NA,NA
482A,398699.6664,5027201.633
483A,387321.5394,5004011.611
483B,387366.819,5004059.728
483C,388330.7827,5004669.657
484A,460203.703,5127931.854
485A,649259.5425,4968790.988
485C,649335.0005,4968785.764
486A,343588.3157,4995425.785
486B,343539.9702,4995782.558
487A,516861.487,5123704.13
487B,516726.9638,5124856.713
487C,517023.7712,5125763.686
488A,348174.9077,4824581.308
488B,348117.6186,4824378.006
489A,474482.187,5114707.639
490A,615057.111,4926332.08
490B,615042.8875,4926340.997
491A,449164.3888,4931166.811
491B,449078.909,4931127.788
491C,448143.0586,4930358.125
491D,NA,NA
492A,612736.479,5014637.464
493A,643864.184,5002235.025
493B,641859.3144,5003351.758
493C,642577.7247,5001713.825
494A,436134.394,4862417.617
494B,436841,4862070
494C,436922,4861960
495A,611459.825,4992489.658
496A,642099.7906,4974944.346
496B,643125.7223,4975218.2
496C,NA,NA
497A,414922.891,4846432.205
497B,415070.16,4846228.482
497C,NA,NA
498A,536321.2605,5050346.118
498B,536452.7313,5050255.954
498C,NA,NA
499A,480969.437,4870534.072
499B,480960.2881,4870576.892
500A,514984.6907,4936997.026
500B,515102.2067,4936887.041
500C,514982.6013,4936948.933
501A,508682.29,4852654.346
501B,508698.1659,4852944.559
501C,508760.3631,4852144.303
502A,586505.9726,4923211.488
502B,586468.737,4923214.081
503A,574969.4494,4940513.415
504A,531770.4587,4873521.101
504B,531169.4115,4873822.935
504C,531747.893,4873492.962
504D,NA,NA
505A,550353.7955,4888142.576
505B,550382.4289,4888078.591
505C,549659.0192,4887951.704
505D,NA,NA
506A,572625.8552,4915386.236
507A,639625.0421,4972599.882
507B,NA,NA
508A,542064.2609,4890998.759
508B,542046.8998,4890982.489
509A,429661.9874,4989951.698
509B,429748.8206,4990142.992
509C,NA,NA
510A,403889.7185,4879490.994
510B,403782.789,4878874.636
511A,555255.737,4947756.333
511B,NA,NA
512A,453283.7267,4933001.926
512B,453309.3994,4932987.652
513A,469142.2383,4962454.733
513B,469050.942,4962800.184
514A,431133,4965998
515A,404287.268,5089077.792
516A,475353.5661,5090410.472
517A,635785.4153,4987348.296
518A,574109.1526,5166510.675
518B,574127.1031,5167696.084
519A,385261.927,4949126.838
519B,NA,NA
520A,656514.985,4959416.626
521A,526488.2079,4934493.68
521B,526821.1343,4934310.362
521C,526888.4336,4934489.31
522A,429152.915,4872952.21
522B,428904.733,4872820.875
523A,356745.825,4924745.036
524A,585334.341,4938305.011
525A,640603.1285,4976217.105
526A,649189.554,4969499.908
526B,649190.943,4969462.81
527A,528181.222,4980770.233
527B,NA,NA
528A,568715.577,4931768.898
529A,371350.549,4862925.257
530A,424371.2356,4848168.716
531A,431139.3202,4870017.749
531B,433219,4869290
531C,432481,4868860
532A,475436.6492,4846747.596
533A,567024.922,4993463.163
534A,411143.1741,4943735.447
535A,544347.1778,4936425.456
535B,545064.1803,4938187.256
535C,545716.8316,4938397.967
535D,546907,4939270
536A,578066.033,5227985.075
537A,408274.609,4914862.233
537B,408279.9194,4914834.432
538A,444486.64,4921330.095
538B,NA,NA
539A,434723.477,4936300.039
540A,461690.976,4941712.608
540B,460511.4501,4941429.787
541A,438886.2529,4896172.558
541B,438870.2484,4896295.851
541C,438944.5336,4896196.835
542A,601170.735,4944432.836
542B,601866.061,4944542.374
543A,469856.4206,4999095.257
544A,503263.3486,4897739.445
545A,648745.729,4972978.032
546A,575056.039,4929653.9
546B,575418.519,4929348.306
546C,NA,NA
547A,388949.594,4824157.173
548A,455262.588,5180717.09
549A,373978.808,4826104.575
549B,375303.8722,4823903.598
550A,562476.8568,5062990.816
551A,449911.911,5040672.935
551B,449853.8379,5040669.293
552A,431843.7219,5106631.808
553A,556115.4986,4924421.97
554A,529677.2781,4888363.617
554B,529314.7169,4888170.236
555A,451403.5705,4935000.14
555B,449145.0512,4933537.725
555C,449138.9433,4933533.05
556A,464690.6627,4859579.118
557A,513550.895,4966938.246
558A,450386.0041,4884277.419
559A,437773.117,4952092.564
560A,389946.907,5048537.672
561A,396122.167,4826305.212
562A,405746.418,4875206.207
562B,406134.3286,4874788.329
563A,445580.5938,4868615.1
563B,445597.3077,4868636.649
564A,611012,4930750
564B,611113,4930750
564C,611023.248,4930791.002
564D,611251.3951,4930815.387
565A,515366.6918,4929788.193
566A,358323,4980659
566B,358904,4981502
567A,341342.4402,4962178.323
568A,439802.861,4911065.905
568B,NA,NA
569A,652119.1847,4976325.167
569B,651032.5725,4977613.009
570A,651520.345,4970999.349
571A,658752.2106,4963329.983
572A,527626.7532,4872372.954
572B,527722.7806,4872395.29
573A,540970.155,4926332.517
573B,540748.3902,4926446.766
574A,552734.2831,4891152.43
574B,551984,4890850
575A,533485.713,4887441.737
575B,NA,NA
576A,633267.2971,4941286.472
576B,634609,4940520
577A,616901.2107,4929812.891
578A,484633.0275,4878355.859
579A,455915.346,4857547.985
579B,NA,NA
580A,428278.393,4894271.303
580B,428325.8617,4893912.092
581A,600557.435,4981321.384
582A,517306.839,4887661.946
582B,517381.1371,4887705.37
583A,490994.7824,4970742.925
583B,NA,NA
584A,529709.6966,5002810.198
585A,479229.993,5178176.688
586A,380176.2135,4932193.917
587A,423824.21,4910408.948
587B,425140.1974,4911163.75
587C,423926.3565,4910637.631
588A,426915.813,4851833
588B,426725.1746,4851609.044
589A,445650.1,4849174.53
589B,445630.3419,4849163.627
590A,498925.852,5030479.062
590B,NA,NA
591A,441440.381,4931150.829
591B,NA,NA
592A,573458.765,4922774.53
593A,601602.995,5004446.69
594A,500675.327,5134840.36
595A,523187.798,5145408.021
596A,570968.2179,4913670.652
597A,436707,4882003
597B,NA,NA
598A,625950.2276,4952203.768
598B,NA,NA
599A,412437.949,4873668.223
600A,359633.3978,4771301.13
601A,439111.298,4889031.233
601B,439425.8991,4889607.978
602A,476467.321,4864804.492
603A,460145.9391,5223132.613
603B,460326.2244,5221858.06
604A,426981.266,4863862.129
604B,426035.228,4863501.32
605A,654563.8327,4967687.441
606A,601553.318,4929790.21
606B,601480.3827,4929770.307
607A,438868.7995,4879680.739
607B,438676.668,4879402.424
608A,616932.765,4928175.334
609A,606061.1883,4931713.683
609B,NA,NA
610A,497349.111,4921943.659
611A,575401.758,5010625.914
611B,NA,NA
612A,583277.5695,5008883.292
613A,519691.782,5054269.927
614A,503044.161,4940765.206
615A,550432.3256,5217642.297
616A,554967.4994,5232661.794
617A,525287.6967,4973332.167
618A,438616.8554,4885809.258
618B,439245.5141,4885843.937
619A,542920.133,5022431.122
620A,550435.1203,5015512.315
620B,NA,NA
621A,458589.4419,4882896.801
622A,544975.3184,5165203.361
623A,599119.9293,4934063.43
623B,599473.9758,4934101.077
623C,598592.9649,4933354.481
624A,588135,4950268
625A,421255.829,4862891.816
626A,402074.3833,4884095.854
627A,545123.9697,5033174.494
628A,539025.314,5048770.563
628B,NA,NA
629A,542758.183,5011724.129
630A,416115.335,4898500.507
630B,416352.6459,4898535.996
630C,416853.5996,4897700.44
631A,559573.159,4936476.816
632A,375533.106,4852042.935
632B,375797.6378,4852054.424
633A,551023.6585,4886224.362
633B,550894.2762,4886075.861
633C,NA,NA
634A,438536.2837,4901215.8
635A,445841.4448,4926884.362
636A,577794.842,4925585.986
637A,420799.6278,4853870.32
638A,458450.5158,4903767.544
639A,454301.126,4868476.46
639B,453732.2835,4867306.769
640A,564472.0536,4924188.01
641A,478663.0581,4951027.277
642A,535071.9648,5107136.077
643A,449115.4201,4951463.662
644A,404410.9114,4841747.461
645A,447999.4239,4872252.181
645B,NA,NA
646A,549771.326,4909400.186
647A,573832.6333,5174748.52
647B,NA,NA
648A,484563.7029,5012155.253
649A,348127,4973684
649B,NA,NA
650A,457327.2206,5080291.807
650B,457120.1787,5080295.598
651A,472568.9078,5056510.985
652A,535101.8396,4914023.569
653A,NA,NA
653B,NA,NA
654A,487556.7782,4921078.021
654B,487604.3604,4919868.028
654C,NA,NA
655A,420312.1,4843606.249
656A,420472.8348,4857029.828
657A,390703.9954,4927467.087
658A,590795.8671,5015316.608
659A,458033.5945,5014408.145
660A,493793,4890357
661A,431593.1804,4850360.889
662A,427615.7422,4841309.558
663A,560812.0239,4970377.904
664A,626893.2167,4968356.076
664B,NA,NA
665A,594184.4919,4926348.657
666A,534366.1518,5022688.42
666B,534777.8737,5022884.487
666C,NA,NA
667A,371810.7001,4900893.245
668A,568673.8773,4982569.29
669A,551260.5241,4893084.224
669B,NA,NA
670A,508328.8394,5011586.239
671A,421774.7618,4916763.699
672A,535689.2334,4904772.003
673A,427053.922,4927800.846
674A,NA,NA
675A,438798.8793,4964171.046
676A,496468.7268,4909768.224
677A,418866.3805,4854517.321
678A,632592.3583,4946904.074
679A,576380.8447,5162424.69
680A,450876.4048,4931770.003
681A,410355.6399,4840178.269
681B,NA,NA
682A,590537.6104,5020151.261
683A,354610.0329,4984222.453
684A,513196,4953887
685A,478251.1437,4900351.867
686A,366040.786,4881422.539
687A,NA,NA
688A,NA,NA
689A,NA,NA
690A,NA,NA
690B,NA,NA
691A,NA,NA
692A,NA,NA
693A,NA,NA
694A,NA,NA
695A,NA,NA
695B,NA,NA
695C,NA,NA
696A,NA,NA
697A,NA,NA
697B,NA,NA
698A,NA,NA
699A,NA,NA
700A,NA,NA
701A,NA,NA
702A,NA,NA
703A,NA,NA
704A,NA,NA
705A,NA,NA
706A,NA,NA
706B,NA,NA
706C,NA,NA
706D,NA,NA
707A,NA,NA
707B,NA,NA
708A,NA,NA
708B,NA,NA
709A,NA,NA
710A,NA,NA
711A,NA,NA
712A,NA,NA
712B,NA,NA
713A,NA,NA
714A,NA,NA
715A,NA,NA
716A,NA,NA
717A,NA,NA
718A,NA,NA
719A,NA,NA
720A,NA,NA
721A,NA,NA
722A,NA,NA
723A,NA,NA
724A,NA,NA
725A,NA,NA
726A,NA,NA
727A,NA,NA
728A,NA,NA
729A,NA,NA
730A,NA,NA
731A,NA,NA
732A,NA,NA
733A,NA,NA
734A,NA,NA
734B,NA,NA
735A,NA,NA
736A,NA,NA
737A,NA,NA
738A,NA,NA
739A,NA,NA
740A,NA,NA
740B,NA,NA
741A,NA,NA
742A,NA,NA
743A,NA,NA
743B,NA,NA
744A,NA,NA
745A,NA,NA
746A,NA,NA
747A,NA,NA
748A,NA,NA
750A,NA,NA
NB1,NA,NA
NB15,NA,NA
NB5,NA,NA
NB99,NA,NA
NA,643801.301,4974571.664
NA,643955.202,4974514.2
NA,641218,4971990
NA,642790.648,4972442.118
NA,641491.5413,4970844.348
NA,608068.9989,5007685.631
NA,359580.955,4769521.973
NA,592271.4186,4922334.315
NA,657587.9772,4970441.346
NA,395254.8518,5007845.123
NA,626983.8124,4954310.105
NA,415064.0762,4846271.881
NA,577136.8358,5015762.191
