serial,GPS_date_YYYY-MM-DD,GPS_utc_HH:MM:SS,GPS_YYYY-MM-DD_HH:MM:SS,lat,lon,hdop,fix,cog,speed,alt,data_voltage,solar_charge,solar_current,nsats,vdop,geo,activity,inactivity,temperature,time_to_fix
A1000042F1E07F,2018-01-10,16:20:23,2018-01-10 16:20:23,44.514961,-70.093803,1.6,3,0,0.0,114.3,3.65,5.22,0.0,6,2.5,,0,80,21.75,5
A1000042F1E07F,2018-01-10,16:05:14,2018-01-10 16:05:14,44.524086,-70.089661,2.4,3,196,21.4,152.3,3.67,5.63,5.97,5,2.7,,177,82,21.89,3
A1000042F1E07F,2018-01-10,15:50:10,2018-01-10 15:50:10,44.533653,-70.085403,1.1,3,0,0.0,136.7,3.65,4.82,0.0,8,1.3,,0,91,22.62,5
A1000042F1E07F,2018-01-10,15:35:05,2018-01-10 15:35:05,44.533592,-70.085426,1.2,3,347,0.0,135.1,3.65,5.13,0.0,8,1.6,,0,75,19.72,7
A1000042F1E07F,2018-01-10,15:20:26,2018-01-10 15:20:26,44.547623,-70.072792,1.3,3,228,22.8,135.6,3.65,6.07,22.37,8,1.8,,0,71,20.01,51
A1000042F1E07F,2018-01-10,15:04:35,2018-01-10 15:04:35,44.569149,-70.05114,1.0,3,0,0.0,167.4,3.65,5.0,0.0,8,1.1,,0,89,22.62,6
A1000042F1E07F,2018-01-10,14:49:57,2018-01-10 14:49:57,44.56908,-70.051079,1.0,3,0,0.0,144.7,3.66,5.02,0.0,9,1.1,,0,91,23.2,40
A1000042F1E07F,2018-01-10,14:34:16,2018-01-10 14:34:16,44.56879,-70.050911,3.1,3,0,0.0,180.9,3.65,5.03,0.0,4,2.7,,0,92,23.49,27
A1000042F1E07F,2018-01-10,14:18:48,2018-01-10 14:18:48,44.569462,-70.051262,4.0,3,0,0.0,104.6,3.65,4.91,0.0,5,3.6,,0,92,23.2,9
A1000042F1E07F,2018-01-10,14:03:38,2018-01-10 14:03:38,44.569351,-70.051071,2.7,3,350,0.0,138.4,3.65,5.02,0.0,5,2.8,,0,91,21.75,9
A1000042F1E07F,2018-01-10,13:48:27,2018-01-10 13:48:27,44.56913,-70.050987,1.4,3,0,0.0,155.4,3.65,5.2,0.0,7,1.3,,0,91,21.17,7
A1000042F1E07F,2018-01-10,13:33:16,2018-01-10 13:33:16,44.569168,-70.051003,1.1,3,0,0.0,161.1,3.65,4.94,0.0,8,1.3,,1,91,20.59,5
A1000042F1E07F,2018-01-10,13:18:09,2018-01-10 13:18:09,44.569286,-70.05101,1.0,3,301,0.0,165.7,3.65,5.02,0.0,8,1.2,,0,91,18.71,6
A1000042F1E07F,2018-01-10,13:03:01,2018-01-10 13:03:01,44.569256,-70.051102,1.0,3,0,0.0,154.6,3.65,5.01,0.0,9,1.4,,37,54,14.95,14
A1000042F1E07F,2018-01-10,12:47:45,2018-01-10 12:47:45,44.547871,-70.019424,1.1,3,23,0.0,194.9,3.65,4.94,0.0,8,1.9,,399,81,17.7,6
A1000042F1E07F,2018-01-10,12:32:38,2018-01-10 12:32:38,44.544456,-70.010208,1.1,3,0,0.0,147.6,3.65,4.06,0.0,9,1.8,,0,88,19.14,11
A1000042F1E07F,2018-01-10,12:17:55,2018-01-10 12:17:55,44.544338,-70.010124,1.1,3,0,0.0,175.2,3.65,3.26,0.0,8,1.6,,0,64,15.67,37
A1000042F1E07F,2018-01-10,12:02:17,2018-01-10 12:02:17,44.527653,-69.990761,1.8,3,0,0.0,157.4,3.65,2.7,0.0,6,2.8,,0,91,21.32,7
A1000042F1E07F,2018-01-10,11:47:09,2018-01-10 11:47:09,44.527721,-69.990753,1.8,3,0,0.0,170.5,3.66,0.78,4.58,6,2.9,,0,88,21.32,7
A1000042F1E07F,2018-01-10,11:32:31,2018-01-10 11:32:31,44.527653,-69.990738,1.5,3,0,0.0,159.4,3.66,0.18,4.61,7,2.3,,34,181,23.05,44
A1000042F1E07F,2018-01-09,22:06:51,2018-01-09 22:06:51,44.527397,-69.990791,1.1,3,0,0.4,195.1,3.66,0.11,4.6,7,1.6,,0,55,23.49,77
A1000042F1E07F,2018-01-09,21:56:27,2018-01-09 21:56:27,44.527683,-69.990776,1.1,3,0,0.0,160.7,3.67,0.17,4.6,7,1.6,,0,91,21.89,8
A1000042F1E07F,2018-01-09,21:41:18,2018-01-09 21:41:18,44.52784,-69.990753,1.0,3,0,0.0,192.6,3.67,0.98,4.58,8,1.4,,0,91,20.74,5
A1000042F1E07F,2018-01-09,21:26:12,2018-01-09 21:26:12,44.527634,-69.990837,1.1,3,0,0.0,158.3,3.67,2.88,0.0,8,1.7,,0,85,21.17,7
A1000042F1E07F,2018-01-09,21:12:03,2018-01-09 21:12:03,44.527573,-69.990837,1.1,3,0,0.0,144.6,3.66,3.43,0.0,8,1.9,,0,88,22.91,75
A1000042F1E07F,2018-01-09,20:56:18,2018-01-09 20:56:18,44.527691,-69.990791,1.2,3,0,0.0,162.8,3.67,3.86,0.0,8,2.1,,0,91,21.61,51
A1000042F1E07F,2018-01-09,20:40:28,2018-01-09 20:40:28,44.527561,-69.990746,1.1,3,0,0.0,152.0,3.68,4.44,0.0,8,2.0,,0,91,20.16,9
A1000042F1E07F,2018-01-09,20:25:17,2018-01-09 20:25:17,44.527634,-69.990883,0.8,3,0,0.0,167.3,3.67,4.69,0.0,8,1.1,,9,61,18.28,8
A1000042F1E07F,2018-01-09,20:10:37,2018-01-09 20:10:37,44.529678,-69.991783,0.8,3,0,0.0,125.5,3.69,5.27,0.0,10,1.1,,0,82,20.3,37
A1000042F1E07F,2018-01-09,19:54:59,2018-01-09 19:54:59,44.524223,-69.987793,2.0,3,0,0.3,156.4,3.68,4.89,0.0,5,1.7,,0,86,21.46,8
A1000042F1E07F,2018-01-09,19:39:50,2018-01-09 19:39:50,44.525749,-69.985405,2.1,3,0,0.0,141.2,3.68,4.96,0.0,5,2.1,,18,76,20.16,11
A1000042F1E07F,2018-01-09,19:24:39,2018-01-09 19:24:39,44.52129,-69.986755,2.1,3,0,0.0,136.1,3.68,5.06,0.0,5,2.7,,464,74,20.16,7
A1000042F1E07F,2018-01-09,19:10:00,2018-01-09 19:10:00,44.521259,-69.984833,2.0,3,31,16.9,139.8,3.68,5.47,0.0,5,3.3,,4,86,19.43,33
A1000042F1E07F,2018-01-09,18:54:25,2018-01-09 18:54:25,44.547832,-69.993851,1.9,3,0,0.0,323.9,3.68,4.87,0.0,5,2.2,,0,88,19.58,9
A1000042F1E07F,2018-01-09,18:39:14,2018-01-09 18:39:14,44.54747,-69.980606,1.7,3,352,27.8,373.8,3.69,5.78,11.23,5,2.3,,25,47,16.39,9
A1000042F1E07F,2018-01-09,18:25:02,2018-01-09 18:25:02,44.525803,-69.95314,1.5,3,232,33.8,308.9,3.68,5.7,9.92,5,2.3,,92,74,17.41,77
A1000042F1E07F,2018-01-09,18:08:44,2018-01-09 18:08:44,44.553146,-69.895096,1.2,3,226,21.0,520.7,3.68,6.03,16.33,4,1.4,,0,77,18.28,26
A1000042F1E07F,2018-01-09,17:53:17,2018-01-09 17:53:17,44.541084,-69.892731,2.9,3,354,22.3,134.4,3.71,6.09,33.55,4,6.8,,23,75,17.99,3
A1000042F1E07F,2018-01-09,17:38:13,2018-01-09 17:38:13,44.507164,-69.909622,1.5,3,157,35.9,144.9,3.67,5.45,0.61,5,1.5,,81,59,17.26,7
A1000042F1E07F,2018-01-09,17:23:04,2018-01-09 17:23:04,44.555912,-69.87442,1.4,3,257,13.2,257.3,3.67,6.06,28.05,6,1.6,,5,70,16.39,6
A1000042F1E07F,2018-01-09,17:07:55,2018-01-09 17:07:55,44.603138,-69.847885,1.4,3,271,12.4,166.7,3.66,5.93,17.7,7,1.7,,223,47,16.97,5
A1000042F1E07F,2018-01-09,16:52:47,2018-01-09 16:52:47,44.614037,-69.797234,1.4,3,0,0.0,110.1,3.66,4.72,0.0,7,1.8,,19,86,17.55,5
A1000042F1E07F,2018-01-09,16:37:41,2018-01-09 16:37:41,44.625996,-69.826111,1.3,3,347,14.8,150.4,3.67,6.2,67.03,7,1.9,,43,86,21.32,5
A1000042F1E07F,2018-01-09,16:22:33,2018-01-09 16:22:33,44.625172,-69.825745,1.3,3,163,24.0,166.9,3.66,5.85,13.19,7,2.0,,3,75,21.61,7
A1000042F1E07F,2018-01-09,16:07:55,2018-01-09 16:07:55,44.63295,-69.833511,1.2,3,235,1.6,99.1,3.65,5.46,0.0,7,2.0,,0,53,23.05,51
A1000042F1E07F,2018-01-09,15:51:35,2018-01-09 15:51:35,,,4.0,3,144,0.0,137.5,3.7,6.09,42.64,4,5.1,,24153,64,18.57,4
A1000042F1E07F,2018-01-09,15:36:23,2018-01-09 15:36:23,,,4.0,3,144,0.0,137.5,3.69,5.38,0.0,4,5.1,,24039,64,16.68,4
A1000042F1E07F,2018-01-09,15:21:11,2018-01-09 15:21:11,,,4.0,3,144,0.0,137.5,3.69,5.26,0.0,4,5.1,,23327,94,20.16,4
A1000042F1E07F,2018-01-09,15:06:00,2018-01-09 15:06:00,,,4.0,3,144,0.0,137.5,3.69,5.48,0.42,4,5.1,,23327,94,20.74,4
A1000042F1E07F,2018-01-09,14:50:48,2018-01-09 14:50:48,,,4.0,3,144,0.0,137.5,3.69,4.98,0.0,4,5.1,,23327,94,21.32,4
A1000042F1E07F,2018-01-09,14:35:36,2018-01-09 14:35:36,,,4.0,3,144,0.0,137.5,3.68,5.09,0.0,4,5.1,,23327,87,22.04,4
A1000042F1E07F,2018-01-09,14:20:25,2018-01-09 14:20:25,,,4.0,3,144,0.0,137.5,3.68,4.88,0.0,4,5.1,,23200,95,24.5,4
A1000042F1E07F,2018-01-09,14:05:13,2018-01-09 14:05:13,,,4.0,3,144,0.0,137.5,3.68,4.7,0.0,4,5.1,,23200,95,23.92,4
A1000042F1E07F,2018-01-09,13:50:02,2018-01-09 13:50:02,,,4.0,3,144,0.0,137.5,3.68,4.51,0.0,4,5.1,,23200,94,23.63,4
A1000042F1E07F,2018-01-09,13:34:50,2018-01-09 13:34:50,,,4.0,3,144,0.0,137.5,3.68,4.5,0.0,4,5.1,,23200,95,22.91,4
A1000042F1E07F,2018-01-09,13:19:39,2018-01-09 13:19:39,,,4.0,3,144,0.0,137.5,3.68,4.65,0.0,4,5.1,,23200,94,22.76,4
A1000042F1E07F,2018-01-09,13:04:27,2018-01-09 13:04:27,,,4.0,3,144,0.0,137.5,3.68,4.43,0.0,4,5.1,,23200,95,22.04,4
A1000042F1E07F,2018-01-09,12:49:15,2018-01-09 12:49:15,,,4.0,3,144,0.0,137.5,3.68,4.16,0.0,4,5.1,,23200,94,21.89,4
A1000042F1E07F,2018-01-09,12:34:04,2018-01-09 12:34:04,,,4.0,3,144,0.0,137.5,3.68,3.51,0.0,4,5.1,,23200,94,21.32,4
A1000042F1E07F,2018-01-09,12:18:52,2018-01-09 12:18:52,,,4.0,3,144,0.0,137.5,3.68,2.49,0.0,4,5.1,,23200,94,19.58,4
A1000042F1E07F,2018-01-09,12:03:40,2018-01-09 12:03:40,,,4.0,3,144,0.0,137.5,3.69,1.19,4.58,4,5.1,,23200,68,16.39,4
A1000042F1E07F,2018-01-09,11:48:28,2018-01-09 11:48:28,,,4.0,3,144,0.0,137.5,3.68,0.13,4.62,4,5.1,,21986,94,23.34,4
A1000042F1E07F,2018-01-09,11:33:18,2018-01-09 11:33:18,,,4.0,3,144,0.0,137.5,3.68,0.1,4.6,4,5.1,,21982,5101,24.07,4
A1000042F1E07F,2018-01-08,22:03:13,2018-01-08 22:03:13,,,4.0,3,144,0.0,137.5,3.69,0.1,4.62,4,5.1,,21746,44,21.32,4
A1000042F1E07F,2018-01-08,21:56:06,2018-01-08 21:56:06,,,4.0,3,144,0.0,137.5,3.68,0.1,4.62,4,5.1,,21746,94,21.61,4
A1000042F1E07F,2018-01-08,21:40:54,2018-01-08 21:40:54,,,4.0,3,144,0.0,137.5,3.69,0.13,4.62,4,5.1,,21731,94,21.17,4
A1000042F1E07F,2018-01-08,21:25:43,2018-01-08 21:25:43,,,4.0,3,144,0.0,137.5,3.69,0.28,4.58,4,5.1,,21731,94,21.17,4
A1000042F1E07F,2018-01-08,21:10:31,2018-01-08 21:10:31,,,4.0,3,144,0.0,137.5,3.68,1.24,1.06,4,5.1,,21731,93,21.32,4
A1000042F1E07F,2018-01-08,20:55:20,2018-01-08 20:55:20,,,4.0,3,144,0.0,137.5,3.68,1.74,0.0,4,5.1,,21548,95,23.63,4
A1000042F1E07F,2018-01-08,20:40:08,2018-01-08 20:40:08,,,4.0,3,144,0.0,137.5,3.68,2.57,0.0,4,5.1,,21548,95,23.78,4
A1000042F1E07F,2018-01-08,20:24:57,2018-01-08 20:24:57,,,4.0,3,144,0.0,137.5,3.68,3.05,0.0,4,5.1,,21548,95,24.07,4
A1000042F1E07F,2018-01-08,20:09:45,2018-01-08 20:09:45,,,4.0,3,144,0.0,137.5,3.68,3.25,0.0,4,5.1,,21548,93,23.92,4
A1000042F1E07F,2018-01-08,19:54:34,2018-01-08 19:54:34,,,4.0,3,144,0.0,137.5,3.68,3.45,0.0,4,5.1,,21543,95,23.78,4
A1000042F1E07F,2018-01-08,19:39:23,2018-01-08 19:39:23,,,4.0,3,144,0.0,137.5,3.68,3.8,0.0,4,5.1,,21543,95,23.63,4
A1000042F1E07F,2018-01-08,19:24:11,2018-01-08 19:24:11,,,4.0,3,144,0.0,137.5,3.68,3.89,0.0,4,5.1,,21543,95,22.91,4
A1000042F1E07F,2018-01-08,19:09:00,2018-01-08 19:09:00,,,4.0,3,144,0.0,137.5,3.69,4.25,0.0,4,5.1,,21543,94,21.89,4
A1000042F1E07F,2018-01-08,18:53:48,2018-01-08 18:53:48,,,4.0,3,144,0.0,137.5,3.69,4.41,0.0,4,5.1,,21543,93,20.3,4
A1000042F1E07F,2018-01-08,18:38:36,2018-01-08 18:38:36,,,4.0,3,144,0.0,137.5,3.69,4.83,0.0,4,5.1,,21523,90,19.43,4
A1000042F1E07F,2018-01-08,18:23:25,2018-01-08 18:23:25,,,4.0,3,144,0.0,137.5,3.69,4.55,0.0,4,5.1,,21279,94,20.3,4
A1000042F1E07F,2018-01-08,18:08:13,2018-01-08 18:08:13,,,4.0,3,144,0.0,137.5,3.69,4.39,0.0,4,5.1,,21279,94,20.59,4
A1000042F1E07F,2018-01-08,17:53:01,2018-01-08 17:53:01,,,4.0,3,144,0.0,137.5,3.69,4.3,0.0,4,5.1,,21279,94,21.03,4
A1000042F1E07F,2018-01-08,17:37:50,2018-01-08 17:37:50,,,4.0,3,144,0.0,137.5,3.69,4.31,0.0,4,5.1,,21279,94,20.59,4
A1000042F1E07F,2018-01-08,17:22:38,2018-01-08 17:22:38,,,4.0,3,144,0.0,137.5,3.69,4.58,0.0,4,5.1,,21276,91,20.16,4
A1000042F1E07F,2018-01-08,17:07:26,2018-01-08 17:07:26,,,4.0,3,144,0.0,137.5,3.69,5.08,0.0,4,5.1,,21071,75,19.43,4
A1000042F1E07F,2018-01-08,16:52:15,2018-01-08 16:52:15,,,4.0,3,144,0.0,137.5,3.68,4.51,0.0,4,5.1,,20600,93,20.01,4
A1000042F1E07F,2018-01-08,16:37:03,2018-01-08 16:37:03,,,4.0,3,144,0.0,137.5,3.69,4.44,0.0,4,5.1,,20600,94,19.0,4
A1000042F1E07F,2018-01-08,16:21:51,2018-01-08 16:21:51,,,4.0,3,144,0.0,137.5,3.69,4.77,0.0,4,5.1,,20600,70,16.11,4
A1000042F1E07F,2018-01-08,16:06:39,2018-01-08 16:06:39,,,4.0,3,144,0.0,137.5,3.69,5.58,0.02,4,5.1,,19830,93,19.14,4
A1000042F1E07F,2018-01-08,15:51:27,2018-01-08 15:51:27,,,4.0,3,144,0.0,137.5,3.68,5.0,0.0,4,5.1,,19800,67,18.57,4
A1000042F1E07F,2018-01-08,15:36:15,2018-01-08 15:36:15,,,4.0,3,144,0.0,137.5,3.68,4.58,0.0,4,5.1,,18920,95,24.21,4
A1000042F1E07F,2018-01-08,15:21:04,2018-01-08 15:21:04,,,4.0,3,144,0.0,137.5,3.68,4.39,0.0,4,5.1,,18920,95,24.5,4
A1000042F1E07F,2018-01-08,15:05:53,2018-01-08 15:05:53,,,4.0,3,144,0.0,137.5,3.68,4.32,0.0,4,5.1,,18919,95,24.21,4
A1000042F1E07F,2018-01-08,14:50:41,2018-01-08 14:50:41,,,4.0,3,144,0.0,137.5,3.68,4.46,0.0,4,5.1,,18919,95,24.21,4
A1000042F1E07F,2018-01-08,14:35:30,2018-01-08 14:35:30,,,4.0,3,144,0.0,137.5,3.68,4.29,0.0,4,5.1,,18919,95,23.34,4
A1000042F1E07F,2018-01-08,14:20:18,2018-01-08 14:20:18,,,4.0,3,144,0.0,137.5,3.68,4.28,0.0,4,5.1,,18919,94,22.62,4
A1000042F1E07F,2018-01-08,14:05:07,2018-01-08 14:05:07,,,4.0,3,144,0.0,137.5,3.68,3.94,0.0,4,5.1,,18919,94,21.61,4
A1000042F1E07F,2018-01-08,13:49:55,2018-01-08 13:49:55,,,4.0,3,144,0.0,137.5,3.68,4.05,0.0,4,5.1,,18919,92,20.01,4
A1000042F1E07F,2018-01-08,13:34:43,2018-01-08 13:34:43,,,4.0,3,144,0.0,137.5,3.68,3.96,0.0,4,5.1,,18888,82,17.41,4
A1000042F1E07F,2018-01-08,13:19:32,2018-01-08 13:19:32,,,4.0,3,144,0.0,137.5,3.68,3.25,0.0,4,5.1,,18282,94,22.04,4
A1000042F1E07F,2018-01-08,13:04:20,2018-01-08 13:04:20,,,4.0,3,144,0.0,137.5,3.68,3.11,0.0,4,5.1,,18282,95,21.89,4
A1000042F1E07F,2018-01-08,12:49:09,2018-01-08 12:49:09,,,4.0,3,144,0.0,137.5,3.68,3.07,0.0,4,5.1,,18282,94,21.75,4
A1000042F1E07F,2018-01-08,12:33:57,2018-01-08 12:33:57,,,4.0,3,144,0.0,137.5,3.68,2.75,0.0,4,5.1,,18282,95,22.18,4
A1000042F1E07F,2018-01-08,12:18:46,2018-01-08 12:18:46,,,4.0,3,144,0.0,137.5,3.68,1.23,1.05,4,5.1,,18282,94,22.18,4
A1000042F1E07F,2018-01-08,12:03:34,2018-01-08 12:03:34,,,4.0,3,144,0.0,137.5,3.68,0.57,4.58,4,5.1,,18282,95,21.89,4
A1000042F1E07F,2018-01-08,11:48:22,2018-01-08 11:48:22,,,4.0,3,144,0.0,137.5,3.68,0.14,4.6,4,5.1,,18282,95,23.05,4
A1000042F1E07F,2018-01-08,11:33:12,2018-01-08 11:33:12,,,4.0,3,144,0.0,137.5,3.68,0.11,4.64,4,5.1,,18282,5097,25.95,4
A1000042F1E07F,2018-01-07,22:02:06,2018-01-07 22:02:06,,,4.0,3,144,0.0,137.5,3.69,0.1,4.62,4,5.1,,18119,28,17.99,4
A1000042F1E07F,2018-01-07,21:57:31,2018-01-07 21:57:31,,,4.0,3,144,0.0,137.5,3.69,0.1,4.62,4,5.1,,18119,94,17.55,4
A1000042F1E07F,2018-01-07,21:42:19,2018-01-07 21:42:19,,,4.0,3,144,0.0,137.5,3.69,0.18,4.62,4,5.1,,18119,89,16.54,4
A1000042F1E07F,2018-01-07,21:27:07,2018-01-07 21:27:07,,,4.0,3,144,0.0,137.5,3.69,1.43,0.0,4,5.1,,17900,93,16.68,4
A1000042F1E07F,2018-01-07,21:11:55,2018-01-07 21:11:55,,,4.0,3,144,0.0,137.5,3.69,3.32,0.0,4,5.1,,17900,93,16.11,4
A1000042F1E07F,2018-01-07,20:56:43,2018-01-07 20:56:43,,,4.0,3,144,0.0,137.5,3.69,3.18,0.0,4,5.1,,17900,88,15.53,4
A1000042F1E07F,2018-01-07,20:41:31,2018-01-07 20:41:31,,,4.0,3,144,0.0,137.5,3.69,5.05,0.0,4,5.1,,17668,55,15.24,4
A1000042F1E07F,2018-01-07,20:26:19,2018-01-07 20:26:19,,,4.0,3,144,0.0,137.5,3.69,4.88,0.0,4,5.1,,17201,39,12.63,4
A1000042F1E07F,2018-01-07,20:11:07,2018-01-07 20:11:07,,,4.0,3,144,0.0,137.5,3.69,4.85,0.0,4,5.1,,16117,66,12.2,4
A1000042F1E07F,2018-01-07,19:55:55,2018-01-07 19:55:55,,,4.0,3,144,0.0,137.5,3.69,4.27,0.0,4,5.1,,15292,92,19.43,4
A1000042F1E07F,2018-01-07,19:40:43,2018-01-07 19:40:43,,,4.0,3,144,0.0,137.5,3.69,4.69,0.0,4,5.1,,15147,95,21.03,4
A1000042F1E07F,2018-01-07,19:25:32,2018-01-07 19:25:32,,,4.0,3,144,0.0,137.5,3.68,4.29,0.0,4,5.1,,15147,94,20.59,4
A1000042F1E07F,2018-01-07,19:10:20,2018-01-07 19:10:20,,,4.0,3,144,0.0,137.5,3.69,4.5,0.0,4,5.1,,15147,93,19.72,4
A1000042F1E07F,2018-01-07,18:55:08,2018-01-07 18:55:08,,,4.0,3,144,0.0,137.5,3.69,4.74,0.0,4,5.1,,15141,94,19.43,4
A1000042F1E07F,2018-01-07,18:39:57,2018-01-07 18:39:57,,,4.0,3,144,0.0,137.5,3.69,4.86,0.0,4,5.1,,15141,94,19.0,4
A1000042F1E07F,2018-01-07,18:24:45,2018-01-07 18:24:45,,,4.0,3,144,0.0,137.5,3.69,4.89,0.0,4,5.1,,15141,94,18.57,4
A1000042F1E07F,2018-01-07,18:09:33,2018-01-07 18:09:33,,,4.0,3,144,0.0,137.5,3.69,4.77,0.0,4,5.1,,15141,93,19.0,4
A1000042F1E07F,2018-01-07,17:54:21,2018-01-07 17:54:21,,,4.0,3,144,0.0,137.5,3.69,4.92,0.0,4,5.1,,15141,94,18.42,4
A1000042F1E07F,2018-01-07,17:39:09,2018-01-07 17:39:09,,,4.0,3,144,0.0,137.5,3.69,4.9,0.0,4,5.1,,15141,94,19.0,4
A1000042F1E07F,2018-01-07,17:23:58,2018-01-07 17:23:58,,,4.0,3,144,0.0,137.5,3.69,4.29,0.0,4,5.1,,15141,94,19.87,4
A1000042F1E07F,2018-01-07,17:08:46,2018-01-07 17:08:46,,,4.0,3,144,0.0,137.5,3.69,4.44,0.0,4,5.1,,15141,94,20.16,4
A1000042F1E07F,2018-01-07,16:53:34,2018-01-07 16:53:34,,,4.0,3,144,0.0,137.5,3.69,4.88,0.0,4,5.1,,15141,94,19.43,4
A1000042F1E07F,2018-01-07,16:38:23,2018-01-07 16:38:23,,,4.0,3,144,0.0,137.5,3.69,5.0,0.0,4,5.1,,15140,92,19.14,4
A1000042F1E07F,2018-01-07,16:23:11,2018-01-07 16:23:11,,,4.0,3,144,0.0,137.5,3.69,4.84,0.0,4,5.1,,15109,94,19.43,4
A1000042F1E07F,2018-01-07,16:07:59,2018-01-07 16:07:59,,,4.0,3,144,0.0,137.5,3.68,4.77,0.0,4,5.1,,15108,92,19.43,4
A1000042F1E07F,2018-01-07,15:52:47,2018-01-07 15:52:47,,,4.0,3,144,0.0,137.5,3.68,4.72,0.0,4,5.1,,15091,94,19.87,4
A1000042F1E07F,2018-01-07,15:37:36,2018-01-07 15:37:36,,,4.0,3,144,0.0,137.5,3.68,4.72,0.0,4,5.1,,15091,94,19.87,4
A1000042F1E07F,2018-01-07,15:22:24,2018-01-07 15:22:24,,,4.0,3,144,0.0,137.5,3.69,4.84,0.0,4,5.1,,15091,94,18.71,4
A1000042F1E07F,2018-01-07,15:07:12,2018-01-07 15:07:12,,,4.0,3,144,0.0,137.5,3.68,4.93,0.0,4,5.1,,15091,93,17.55,4
A1000042F1E07F,2018-01-07,14:52:00,2018-01-07 14:52:00,,,4.0,3,144,0.0,137.5,3.68,5.0,0.0,4,5.1,,15091,94,17.7,4
A1000042F1E07F,2018-01-07,14:36:48,2018-01-07 14:36:48,,,4.0,3,144,0.0,137.5,3.68,5.0,0.0,4,5.1,,15091,93,18.13,4
A1000042F1E07F,2018-01-07,14:21:36,2018-01-07 14:21:36,,,4.0,3,144,0.0,137.5,3.68,4.99,0.0,4,5.1,,15091,94,19.43,4
A1000042F1E07F,2018-01-07,14:06:25,2018-01-07 14:06:25,,,4.0,3,144,0.0,137.5,3.68,4.99,0.0,4,5.1,,15091,94,18.71,4
A1000042F1E07F,2018-01-07,13:51:13,2018-01-07 13:51:13,,,4.0,3,144,0.0,137.5,3.68,4.99,0.0,4,5.1,,15091,93,17.55,4
A1000042F1E07F,2018-01-07,13:36:01,2018-01-07 13:36:01,,,4.0,3,144,0.0,137.5,3.68,5.08,0.0,4,5.1,,15091,92,16.97,4
A1000042F1E07F,2018-01-07,13:20:49,2018-01-07 13:20:49,,,4.0,3,144,0.0,137.5,3.68,5.13,0.0,4,5.1,,15087,94,17.12,4
A1000042F1E07F,2018-01-07,13:05:37,2018-01-07 13:05:37,,,4.0,3,144,0.0,137.5,3.68,5.12,0.0,4,5.1,,15087,93,17.41,4
A1000042F1E07F,2018-01-07,12:50:25,2018-01-07 12:50:25,,,4.0,3,144,0.0,137.5,3.68,4.97,0.0,4,5.1,,15087,94,17.7,4
A1000042F1E07F,2018-01-07,12:35:13,2018-01-07 12:35:13,,,4.0,3,144,0.0,137.5,3.68,4.87,0.0,4,5.1,,15087,93,17.99,4
A1000042F1E07F,2018-01-07,12:20:01,2018-01-07 12:20:01,,,4.0,3,144,0.0,137.5,3.68,3.14,0.0,4,5.1,,15087,93,20.88,4
A1000042F1E07F,2018-01-07,12:04:50,2018-01-07 12:04:50,,,4.0,3,144,0.0,137.5,3.68,2.03,0.0,4,5.1,,15051,96,27.68,4
A1000042F1E07F,2018-01-07,11:49:39,2018-01-07 11:49:39,,,4.0,3,144,0.0,137.5,3.68,0.19,4.62,4,5.1,,15051,96,29.86,4
A1000042F1E07F,2018-01-07,11:34:29,2018-01-07 11:34:29,,,4.0,3,144,0.0,137.5,3.68,0.12,4.62,4,5.1,,15051,5113,29.71,4
A1000042F1E07F,2018-01-06,22:01:16,2018-01-06 22:01:16,,,4.0,3,144,0.0,137.5,3.68,0.09,4.62,4,5.1,,14874,22,16.39,4
A1000042F1E07F,2018-01-06,21:57:42,2018-01-06 21:57:42,,,4.0,3,144,0.0,137.5,3.68,0.09,4.62,4,5.1,,14874,93,15.82,4
A1000042F1E07F,2018-01-06,21:42:30,2018-01-06 21:42:30,,,4.0,3,144,0.0,137.5,3.68,0.15,4.57,4,5.1,,14874,90,15.53,4
A1000042F1E07F,2018-01-06,21:27:18,2018-01-06 21:27:18,,,4.0,3,144,0.0,137.5,3.69,0.7,4.52,4,5.1,,14797,89,13.07,4
A1000042F1E07F,2018-01-06,21:12:05,2018-01-06 21:12:05,,,4.0,3,144,0.0,137.5,3.68,4.29,0.0,4,5.1,,14594,89,14.51,4
A1000042F1E07F,2018-01-06,20:56:53,2018-01-06 20:56:53,,,4.0,3,144,0.0,137.5,3.69,3.13,0.0,4,5.1,,14405,92,14.8,4
A1000042F1E07F,2018-01-06,20:41:41,2018-01-06 20:41:41,,,4.0,3,144,0.0,137.5,3.69,3.93,0.0,4,5.1,,14405,93,14.08,4
A1000042F1E07F,2018-01-06,20:26:29,2018-01-06 20:26:29,,,4.0,3,144,0.0,137.5,3.69,4.08,0.0,4,5.1,,14405,92,13.21,4
A1000042F1E07F,2018-01-06,20:11:17,2018-01-06 20:11:17,,,4.0,3,144,0.0,137.5,3.69,4.34,0.0,4,5.1,,14405,93,13.93,4
A1000042F1E07F,2018-01-06,19:56:04,2018-01-06 19:56:04,,,4.0,3,144,0.0,137.5,3.69,4.64,0.0,4,5.1,,14405,93,13.64,4
A1000042F1E07F,2018-01-06,19:40:52,2018-01-06 19:40:52,,,4.0,3,144,0.0,137.5,3.69,4.73,0.0,4,5.1,,14405,92,12.63,4
A1000042F1E07F,2018-01-06,19:25:40,2018-01-06 19:25:40,,,4.0,3,144,0.0,137.5,3.69,4.91,0.0,4,5.1,,14405,89,8.87,4
A1000042F1E07F,2018-01-06,19:10:27,2018-01-06 19:10:27,,,4.0,3,144,0.0,137.5,3.69,5.48,0.0,4,5.1,,14391,50,1.63,4
A1000042F1E07F,2018-01-06,18:55:14,2018-01-06 18:55:14,,,4.0,3,144,0.0,137.5,3.69,5.95,0.37,4,5.1,,13768,77,10.32,4
A1000042F1E07F,2018-01-06,18:40:01,2018-01-06 18:40:01,,,4.0,3,144,0.0,137.5,3.69,5.73,0.0,4,5.1,,13084,82,12.92,4
A1000042F1E07F,2018-01-06,18:24:49,2018-01-06 18:24:49,,,4.0,3,144,0.0,137.5,3.68,4.89,0.0,4,5.1,,12706,93,14.95,4
A1000042F1E07F,2018-01-06,18:09:37,2018-01-06 18:09:37,,,4.0,3,144,0.0,137.5,3.69,4.96,0.0,4,5.1,,12706,92,12.92,4
A1000042F1E07F,2018-01-06,17:54:25,2018-01-06 17:54:25,,,4.0,3,144,0.0,137.5,3.69,5.26,0.0,4,5.1,,12706,85,10.17,4
A1000042F1E07F,2018-01-06,17:39:12,2018-01-06 17:39:12,,,4.0,3,144,0.0,137.5,3.68,5.33,0.0,4,5.1,,12473,94,17.41,4
A1000042F1E07F,2018-01-06,17:24:00,2018-01-06 17:24:00,,,4.0,3,144,0.0,137.5,3.68,5.46,0.0,4,5.1,,12473,93,16.68,4
A1000042F1E07F,2018-01-06,17:08:48,2018-01-06 17:08:48,,,4.0,3,144,0.0,137.5,3.68,5.53,0.0,4,5.1,,12473,93,17.26,4
A1000042F1E07F,2018-01-06,16:53:37,2018-01-06 16:53:37,,,4.0,3,144,0.0,137.5,3.68,5.39,0.0,4,5.1,,12473,93,16.54,4
A1000042F1E07F,2018-01-06,16:38:24,2018-01-06 16:38:24,,,4.0,3,144,0.0,137.5,3.68,5.49,0.0,4,5.1,,12473,92,13.64,4
A1000042F1E07F,2018-01-06,16:23:12,2018-01-06 16:23:12,,,4.0,3,144,0.0,137.5,3.69,5.75,0.0,4,5.1,,12473,65,8.29,4
A1000042F1E07F,2018-01-06,16:08:00,2018-01-06 16:08:00,,,4.0,3,144,0.0,137.5,3.68,6.14,10.15,4,5.1,,11882,75,13.21,4
A1000042F1E07F,2018-01-06,15:52:48,2018-01-06 15:52:48,,,4.0,3,144,0.0,137.5,3.68,5.19,0.0,4,5.1,,11273,91,17.26,4
A1000042F1E07F,2018-01-06,15:37:36,2018-01-06 15:37:36,,,4.0,3,144,0.0,137.5,3.68,5.09,0.0,4,5.1,,11151,93,18.28,4
A1000042F1E07F,2018-01-06,15:22:24,2018-01-06 15:22:24,,,4.0,3,144,0.0,137.5,3.68,5.24,0.0,4,5.1,,11151,94,18.42,4
A1000042F1E07F,2018-01-06,15:07:12,2018-01-06 15:07:12,,,4.0,3,144,0.0,137.5,3.68,5.27,0.0,4,5.1,,11151,93,17.7,4
A1000042F1E07F,2018-01-06,14:52:00,2018-01-06 14:52:00,,,4.0,3,144,0.0,137.5,3.68,5.31,0.0,4,5.1,,11151,93,16.68,4
A1000042F1E07F,2018-01-06,14:36:48,2018-01-06 14:36:48,,,4.0,3,144,0.0,137.5,3.68,5.38,0.0,4,5.1,,11151,93,15.38,4
A1000042F1E07F,2018-01-06,14:21:36,2018-01-06 14:21:36,,,4.0,3,144,0.0,137.5,3.68,5.41,0.0,4,5.1,,11151,92,12.78,4
A1000042F1E07F,2018-01-06,14:06:24,2018-01-06 14:06:24,,,4.0,3,144,0.0,137.5,3.68,5.65,0.0,4,5.1,,11151,65,8.14,4
A1000042F1E07F,2018-01-06,13:51:11,2018-01-06 13:51:11,,,4.0,3,144,0.0,137.5,3.67,5.87,5.1,4,5.1,,10572,88,16.83,4
A1000042F1E07F,2018-01-06,13:35:59,2018-01-06 13:35:59,,,4.0,3,144,0.0,137.5,3.67,4.77,0.0,4,5.1,,10438,93,16.11,4
A1000042F1E07F,2018-01-06,13:20:47,2018-01-06 13:20:47,,,4.0,3,144,0.0,137.5,3.67,4.39,0.0,4,5.1,,10438,93,14.8,4
A1000042F1E07F,2018-01-06,13:05:35,2018-01-06 13:05:35,,,4.0,3,144,0.0,137.5,3.67,4.63,0.0,4,5.1,,10438,88,12.63,4
A1000042F1E07F,2018-01-06,12:50:23,2018-01-06 12:50:23,,,4.0,3,144,0.0,137.5,3.67,3.73,0.0,4,5.1,,10277,92,14.08,4
A1000042F1E07F,2018-01-06,12:35:11,2018-01-06 12:35:11,,,4.0,3,144,0.0,137.5,3.67,3.61,0.0,4,5.1,,10277,92,14.51,4
A1000042F1E07F,2018-01-06,12:19:59,2018-01-06 12:19:59,,,4.0,3,144,0.0,137.5,3.67,2.89,0.0,4,5.1,,10209,93,16.83,4
A1000042F1E07F,2018-01-06,12:04:47,2018-01-06 12:04:47,,,4.0,3,144,0.0,137.5,3.67,0.96,4.58,4,5.1,,10209,95,19.58,4
A1000042F1E07F,2018-01-06,11:49:35,2018-01-06 11:49:35,,,4.0,3,144,0.0,137.5,3.66,0.23,4.62,4,5.1,,10207,95,26.53,4
A1000042F1E07F,2018-01-06,11:34:25,2018-01-06 11:34:25,,,4.0,3,144,0.0,137.5,3.66,0.11,4.64,4,5.1,,10207,5090,28.12,4
A1000042F1E07F,2018-01-05,22:00:08,2018-01-05 22:00:08,,,4.0,3,144,0.0,137.5,3.67,0.1,4.62,4,5.1,,10031,16,17.84,4
A1000042F1E07F,2018-01-05,21:57:34,2018-01-05 21:57:34,,,4.0,3,144,0.0,137.5,3.67,0.1,4.62,4,5.1,,10031,94,18.13,4
A1000042F1E07F,2018-01-05,21:42:22,2018-01-05 21:42:22,,,4.0,3,144,0.0,137.5,3.67,0.19,4.59,4,5.1,,10029,93,16.54,4
A1000042F1E07F,2018-01-05,21:27:10,2018-01-05 21:27:10,,,4.0,3,144,0.0,137.5,3.67,1.37,0.06,4,5.1,,10029,92,15.82,4
A1000042F1E07F,2018-01-05,21:11:58,2018-01-05 21:11:58,,,4.0,3,144,0.0,137.5,3.67,2.14,0.0,4,5.1,,9998,93,14.37,4
A1000042F1E07F,2018-01-05,20:56:46,2018-01-05 20:56:46,,,4.0,3,144,0.0,137.5,3.67,3.58,0.0,4,5.1,,9998,93,14.37,4
A1000042F1E07F,2018-01-05,20:41:34,2018-01-05 20:41:34,,,4.0,3,144,0.0,137.5,3.67,4.11,0.0,4,5.1,,9996,92,14.37,4
A1000042F1E07F,2018-01-05,20:26:22,2018-01-05 20:26:22,,,4.0,3,144,0.0,137.5,3.67,4.76,0.0,4,5.1,,9996,93,14.51,4
A1000042F1E07F,2018-01-05,20:11:10,2018-01-05 20:11:10,,,4.0,3,144,0.0,137.5,3.67,4.87,0.0,4,5.1,,9996,93,14.37,4
A1000042F1E07F,2018-01-05,19:55:58,2018-01-05 19:55:58,,,4.0,3,144,0.0,137.5,3.68,5.08,0.0,4,5.1,,9996,92,13.21,4
A1000042F1E07F,2018-01-05,19:40:46,2018-01-05 19:40:46,,,4.0,3,144,0.0,137.5,3.68,5.27,0.0,4,5.1,,9996,73,7.71,4
A1000042F1E07F,2018-01-05,19:25:33,2018-01-05 19:25:33,,,4.0,3,144,0.0,137.5,3.68,5.94,0.0,4,5.1,,9743,62,3.95,4
A1000042F1E07F,2018-01-05,19:10:20,2018-01-05 19:10:20,,,4.0,3,144,0.0,137.5,3.67,5.87,1.25,4,5.1,,9500,92,14.95,4
A1000042F1E07F,2018-01-05,18:55:08,2018-01-05 18:55:08,,,4.0,3,144,0.0,137.5,3.67,5.39,0.0,4,5.1,,9419,93,14.8,4
A1000042F1E07F,2018-01-05,18:39:56,2018-01-05 18:39:56,,,4.0,3,144,0.0,137.5,3.67,5.42,0.0,4,5.1,,9419,83,14.37,4
A1000042F1E07F,2018-01-05,18:24:44,2018-01-05 18:24:44,,,4.0,3,144,0.0,137.5,3.66,5.07,0.0,4,5.1,,9026,93,15.82,4
A1000042F1E07F,2018-01-05,18:09:32,2018-01-05 18:09:32,,,4.0,3,144,0.0,137.5,3.67,5.03,0.0,4,5.1,,9026,93,15.53,4
A1000042F1E07F,2018-01-05,17:54:20,2018-01-05 17:54:20,,,4.0,3,144,0.0,137.5,3.66,4.89,0.0,4,5.1,,9026,93,15.96,4
A1000042F1E07F,2018-01-05,17:39:08,2018-01-05 17:39:08,,,4.0,3,144,0.0,137.5,3.66,5.06,0.0,4,5.1,,9026,93,15.82,4
A1000042F1E07F,2018-01-05,17:23:56,2018-01-05 17:23:56,,,4.0,3,144,0.0,137.5,3.66,5.26,0.0,4,5.1,,9026,93,15.82,4
A1000042F1E07F,2018-01-05,17:08:43,2018-01-05 17:08:43,,,4.0,3,144,0.0,137.5,3.66,5.33,0.0,4,5.1,,9026,93,15.24,4
A1000042F1E07F,2018-01-05,16:53:31,2018-01-05 16:53:31,,,4.0,3,144,0.0,137.5,3.66,5.53,0.0,4,5.1,,9026,82,13.5,4
A1000042F1E07F,2018-01-05,16:38:19,2018-01-05 16:38:19,,,4.0,3,144,0.0,137.5,3.66,4.94,0.0,4,5.1,,8717,93,17.41,4
A1000042F1E07F,2018-01-05,16:23:07,2018-01-05 16:23:07,,,4.0,3,144,0.0,137.5,3.66,4.89,0.0,4,5.1,,8717,93,16.97,4
A1000042F1E07F,2018-01-05,16:07:55,2018-01-05 16:07:55,,,4.0,3,144,0.0,137.5,3.66,4.92,0.0,4,5.1,,8717,94,17.12,4
A1000042F1E07F,2018-01-05,15:52:44,2018-01-05 15:52:44,,,4.0,3,144,0.0,137.5,3.66,5.01,0.0,4,5.1,,8717,93,16.83,4
A1000042F1E07F,2018-01-05,15:37:32,2018-01-05 15:37:32,,,4.0,3,144,0.0,137.5,3.66,5.19,0.0,4,5.1,,8717,93,16.68,4
A1000042F1E07F,2018-01-05,15:22:20,2018-01-05 15:22:20,,,4.0,3,144,0.0,137.5,3.66,5.27,0.0,4,5.1,,8717,79,14.22,4
A1000042F1E07F,2018-01-05,15:07:07,2018-01-05 15:07:07,,,4.0,3,144,0.0,137.5,3.65,5.6,0.0,4,5.1,,8315,79,13.79,4
A1000042F1E07F,2018-01-05,14:51:55,2018-01-05 14:51:55,,,4.0,3,144,0.0,137.5,3.65,5.64,0.0,4,5.1,,8210,70,14.37,4
A1000042F1E07F,2018-01-05,14:36:43,2018-01-05 14:36:43,,,4.0,3,144,0.0,137.5,3.65,5.55,0.0,4,5.1,,7834,19,13.79,4
A1000042F1E07F,2018-01-05,14:21:31,2018-01-05 14:21:31,,,4.0,3,144,0.0,137.5,3.65,5.32,0.0,4,5.1,,6406,54,14.37,4
A1000042F1E07F,2018-01-05,14:06:19,2018-01-05 14:06:19,,,4.0,3,144,0.0,137.5,3.65,5.52,0.0,4,5.1,,6126,73,10.75,4
A1000042F1E07F,2018-01-05,13:51:06,2018-01-05 13:51:06,,,4.0,3,144,0.0,137.5,3.65,4.89,0.0,4,5.1,,5536,82,9.01,4
A1000042F1E07F,2018-01-05,13:35:54,2018-01-05 13:35:54,,,4.0,3,144,0.0,137.5,3.66,5.46,0.0,4,5.1,,5226,56,2.07,4
A1000042F1E07F,2018-01-05,13:20:41,2018-01-05 13:20:41,,,4.0,3,144,0.0,137.5,3.65,5.75,0.0,4,5.1,,4806,69,1.63,4
A1000042F1E07F,2018-01-05,13:05:27,2018-01-05 13:05:27,,,4.0,3,144,0.0,137.5,3.65,5.66,0.0,4,5.1,,4673,72,2.07,4
A1000042F1E07F,2018-01-05,12:50:14,2018-01-05 12:50:14,,,4.0,3,144,0.0,137.5,3.65,5.46,0.0,4,5.1,,4649,60,3.51,4
A1000042F1E07F,2018-01-05,12:35:02,2018-01-05 12:35:02,,,4.0,3,144,0.0,137.5,3.64,4.05,0.0,4,5.1,,4216,22,6.12,4
A1000042F1E07F,2018-01-05,12:19:49,2018-01-05 12:19:49,,,4.0,3,144,0.0,137.5,3.63,1.76,0.0,4,5.1,,2912,94,20.01,4
A1000042F1E07F,2018-01-05,12:04:38,2018-01-05 12:04:38,,,4.0,3,144,0.0,137.5,3.63,0.57,4.58,4,5.1,,2912,94,20.01,4
A1000042F1E07F,2018-01-05,11:49:26,2018-01-05 11:49:26,,,4.0,3,144,0.0,137.5,3.63,0.15,4.62,4,5.1,,2912,93,19.58,4
A1000042F1E07F,2018-01-05,11:34:15,2018-01-05 11:34:15,,,4.0,3,144,0.0,137.5,3.63,0.11,4.62,4,5.1,,2907,4940,20.16,4
A1000042F1E07F,2018-01-04,21:59:04,2018-01-04 21:59:04,,,4.0,3,144,0.0,137.5,3.64,0.09,4.62,4,5.1,,447,16,17.12,4
A1000042F1E07F,2018-01-04,21:56:31,2018-01-04 21:56:31,,,4.0,3,144,0.0,137.5,3.64,0.09,4.6,4,5.1,,447,93,16.97,4
A1000042F1E07F,2018-01-04,21:41:19,2018-01-04 21:41:19,,,4.0,3,144,0.0,137.5,3.64,0.11,4.62,4,5.1,,447,94,18.13,4
A1000042F1E07F,2018-01-04,21:26:07,2018-01-04 21:26:07,,,4.0,3,144,0.0,137.5,3.64,0.26,4.6,4,5.1,,447,94,19.0,4
A1000042F1E07F,2018-01-04,21:10:55,2018-01-04 21:10:55,,,4.0,3,144,0.0,137.5,3.63,0.58,4.58,4,5.1,,447,93,20.01,4
A1000042F1E07F,2018-01-04,20:55:44,2018-01-04 20:55:44,,,4.0,3,144,0.0,137.5,3.63,1.18,4.52,4,5.1,,377,94,21.32,4
A1000042F1E07F,2018-01-04,20:40:32,2018-01-04 20:40:32,,,4.0,3,144,0.0,137.5,3.63,1.33,0.18,4,5.1,,374,94,21.03,4
A1000042F1E07F,2018-01-04,20:25:20,2018-01-04 20:25:20,,,4.0,3,144,0.0,137.5,3.63,2.35,0.0,4,5.1,,374,94,20.45,4
A1000042F1E07F,2018-01-04,20:10:09,2018-01-04 20:10:09,,,4.0,3,144,0.0,137.5,3.63,2.94,0.0,4,5.1,,374,94,20.74,4
A1000042F1E07F,2018-01-04,19:54:57,2018-01-04 19:54:57,,,4.0,3,144,0.0,137.5,3.63,2.94,0.0,4,5.1,,374,94,20.74,4
A1000042F1E07F,2018-01-04,19:39:45,2018-01-04 19:39:45,,,4.0,3,144,0.0,137.5,3.63,3.1,0.0,4,5.1,,370,94,20.3,4
A1000042F1E07F,2018-01-04,19:24:34,2018-01-04 19:24:34,,,4.0,3,144,0.0,137.5,3.63,3.22,0.0,4,5.1,,368,94,19.87,4
A1000042F1E07F,2018-01-04,19:09:22,2018-01-04 19:09:22,,,4.0,3,144,0.0,137.5,3.64,3.14,0.0,4,5.1,,368,94,19.58,4
A1000042F1E07F,2018-01-04,18:54:10,2018-01-04 18:54:10,,,4.0,3,144,0.0,137.5,3.63,3.26,0.0,4,5.1,,368,93,19.0,4
A1000042F1E07F,2018-01-04,18:38:58,2018-01-04 18:38:58,,,4.0,3,144,0.0,137.5,3.64,3.59,0.0,4,5.1,,302,92,17.26,4
A1000042F1E07F,2018-01-04,18:23:46,2018-01-04 18:23:46,,,4.0,3,144,0.0,137.5,3.64,3.61,0.0,4,5.1,,295,87,14.8,4
A1000042F1E07F,2018-01-04,18:08:34,2018-01-04 18:08:34,,,4.0,3,144,0.0,137.5,3.64,4.11,0.0,4,5.1,,0,93,15.67,4
A1000042F1E07F,2018-01-04,17:53:22,2018-01-04 17:53:22,,,4.0,3,144,0.0,137.5,3.64,4.24,0.0,4,5.1,,0,94,16.11,4
A1000042F1E07F,2018-01-04,17:38:10,2018-01-04 17:38:10,,,4.0,3,144,0.0,137.5,3.63,4.49,0.0,4,5.1,,0,90,16.39,4
A1000042F1E07F,2018-01-04,17:23:24,2018-01-04 17:23:24,44.605335,-70.46965,4.0,3,144,0.0,137.5,3.6,4.23,0.0,4,5.1,,0,91,16.68,4
A1000042F1E07F,2018-01-04,17:08:18,2018-01-04 17:08:18,44.605412,-70.469772,3.4,3,0,0.0,126.7,3.6,4.49,0.0,4,4.2,,0,90,17.12,4
A1000042F1E07F,2018-01-04,16:53:12,2018-01-04 16:53:12,44.605057,-70.46949,3.0,3,13,6.4,175.9,3.6,4.13,0.0,4,3.8,,0,79,15.67,4
A1000042F1E07F,2018-01-04,16:38:06,2018-01-04 16:38:06,44.615578,-70.46936,2.3,3,189,28.5,162.1,3.61,5.07,0.0,4,1.8,,148,88,17.41,9
A1000042F1E07F,2018-01-04,16:22:56,2018-01-04 16:22:56,44.620575,-70.465218,2.3,3,124,0.0,175.7,3.62,4.03,0.0,5,2.1,,0,91,18.28,8
A1000042F1E07F,2018-01-04,16:07:47,2018-01-04 16:07:47,44.620564,-70.465195,2.4,3,123,0.0,175.3,3.62,4.08,0.0,5,2.8,,0,91,17.84,9
A1000042F1E07F,2018-01-04,15:52:36,2018-01-04 15:52:36,44.620564,-70.465179,2.5,3,101,0.0,190.2,3.62,4.26,0.0,5,3.7,,0,82,16.54,6
A1000042F1E07F,2018-01-04,15:37:29,2018-01-04 15:37:29,44.617958,-70.45813,2.2,3,0,0.0,205.9,3.62,4.04,0.0,5,4.1,,0,90,19.58,8
A1000042F1E07F,2018-01-04,15:22:20,2018-01-04 15:22:20,44.617908,-70.458084,2.0,3,0,0.0,189.0,3.63,3.73,0.0,6,2.3,,0,91,19.29,7
A1000042F1E07F,2018-01-04,15:07:12,2018-01-04 15:07:12,44.61784,-70.458023,2.1,3,0,0.0,191.2,3.63,4.02,0.0,6,2.7,,0,91,19.0,11
A1000042F1E07F,2018-01-04,14:52:00,2018-01-04 14:52:00,44.617725,-70.458015,1.7,3,0,0.0,190.2,3.63,4.14,0.0,7,1.8,,0,91,17.7,5
A1000042F1E07F,2018-01-04,14:36:54,2018-01-04 14:36:54,44.617695,-70.457901,1.1,3,0,0.0,196.3,3.63,4.09,0.0,7,1.1,,0,90,16.11,8
A1000042F1E07F,2018-01-04,14:21:45,2018-01-04 14:21:45,44.617802,-70.458015,1.2,3,0,0.5,187.2,3.63,4.24,0.0,8,1.2,,75,88,14.95,6
A1000042F1E07F,2018-01-04,14:06:38,2018-01-04 14:06:38,44.618034,-70.459557,1.2,3,0,0.0,174.2,3.62,4.68,0.01,8,1.3,,421,70,13.21,25
A1000042F1E07F,2018-01-04,13:51:12,2018-01-04 13:51:12,44.636513,-70.443855,2.8,3,0,0.0,192.9,3.64,3.67,0.0,6,3.2,,0,91,19.0,5
A1000042F1E07F,2018-01-04,13:36:05,2018-01-04 13:36:05,44.635883,-70.443436,2.3,3,0,0.0,332.1,3.64,3.25,0.0,6,3.0,,1,91,19.58,5
A1000042F1E07F,2018-01-04,13:20:58,2018-01-04 13:20:58,44.636223,-70.443886,2.0,3,0,0.0,252.2,3.64,2.3,0.0,6,3.2,,0,88,20.01,6
A1000042F1E07F,2018-01-04,13:06:20,2018-01-04 13:06:20,44.636612,-70.443825,1.8,3,0,0.0,165.4,3.64,1.73,0.0,6,3.7,,0,91,21.03,50
A1000042F1E07F,2018-01-04,12:50:28,2018-01-04 12:50:28,44.636372,-70.443893,1.8,3,0,0.0,179.0,3.64,1.45,0.36,6,4.7,,26,91,20.3,9
A1000042F1E07F,2018-01-04,12:35:18,2018-01-04 12:35:18,44.636398,-70.443825,1.6,3,0,0.0,210.3,3.65,1.15,4.58,6,2.0,,0,92,21.03,8
A1000042F1E07F,2018-01-04,12:20:09,2018-01-04 12:20:09,44.63628,-70.443886,1.4,3,0,0.0,199.7,3.65,0.6,4.58,7,1.4,,0,92,21.89,10
A1000042F1E07F,2018-01-04,12:04:58,2018-01-04 12:04:58,44.636345,-70.443901,1.4,3,19,0.0,213.2,3.65,0.18,4.6,8,1.6,,0,93,24.93,7
A1000042F1E07F,2018-01-04,11:49:50,2018-01-04 11:49:50,44.636475,-70.443779,1.4,3,0,0.0,195.8,3.65,0.13,4.64,8,1.7,,0,91,33.18,7
A1000042F1E07F,2018-01-04,11:35:12,2018-01-04 11:35:12,44.636429,-70.443779,1.4,3,0,0.0,191.1,3.65,0.12,4.64,9,1.9,,0,161,34.05,39
A1000042F1E07F,2018-01-03,21:59:31,2018-01-03 21:59:31,44.636436,-70.443825,1.0,3,18,0.0,212.7,3.66,0.11,4.62,7,1.8,,0,19,19.43,9
A1000042F1E07F,2018-01-03,21:56:06,2018-01-03 21:56:06,44.63641,-70.443871,1.0,3,188,0.0,171.5,3.66,0.13,4.62,7,1.9,,0,91,19.14,10
A1000042F1E07F,2018-01-03,21:40:55,2018-01-03 21:40:55,44.636345,-70.443817,1.5,3,0,0.0,190.5,3.66,0.55,4.58,5,4.0,,0,84,16.68,6
A1000042F1E07F,2018-01-03,21:25:48,2018-01-03 21:25:48,44.632748,-70.446587,1.2,3,0,0.0,218.5,3.66,4.09,0.0,7,2.1,,911,64,14.08,8
A1000042F1E07F,2018-01-03,21:10:39,2018-01-03 21:10:39,44.648705,-70.423111,1.4,3,0,0.0,219.1,3.66,3.83,0.0,7,2.1,,0,78,14.51,5
A1000042F1E07F,2018-01-03,20:55:33,2018-01-03 20:55:33,44.664627,-70.429077,1.6,3,0,0.0,213.7,3.66,4.38,0.0,7,1.9,,4,42,13.93,7
A1000042F1E07F,2018-01-03,20:40:25,2018-01-03 20:40:25,44.708431,-70.471123,1.6,3,0,0.0,242.9,3.66,3.36,0.0,8,1.7,,0,89,23.05,26
A1000042F1E07F,2018-01-03,20:25:27,2018-01-03 20:25:27,44.708401,-70.4711,1.2,3,0,0.0,239.2,3.67,4.15,0.0,9,1.1,,0,92,23.34,29
A1000042F1E07F,2018-01-03,20:09:57,2018-01-03 20:09:57,44.708355,-70.471184,1.2,3,0,0.0,234.7,3.67,4.32,0.0,9,1.1,,0,89,22.76,21
A1000042F1E07F,2018-01-03,19:55:04,2018-01-03 19:55:04,44.70845,-70.471115,0.9,3,0,0.0,223.3,3.67,4.55,0.0,9,1.0,,0,91,21.89,36
A1000042F1E07F,2018-01-03,19:39:27,2018-01-03 19:39:27,44.708294,-70.471077,4.0,3,0,0.0,224.3,3.67,4.96,0.0,4,2.3,,0,80,19.43,24
A1000042F1E07F,2018-01-03,19:24:31,2018-01-03 19:24:31,44.70908,-70.471588,2.9,3,162,21.8,218.5,3.67,5.27,0.0,6,2.0,,0,73,16.68,34
A1000042F1E07F,2018-01-03,19:09:25,2018-01-03 19:09:25,44.714298,-70.459007,2.3,3,306,29.3,227.7,3.68,5.87,9.1,6,2.3,,0,73,15.09,32
A1000042F1E07F,2018-01-03,18:53:52,2018-01-03 18:53:52,44.692867,-70.400917,1.1,3,0,0.0,396.6,3.68,5.24,0.0,6,1.4,,40,82,15.24,9
A1000042F1E07F,2018-01-03,18:38:42,2018-01-03 18:38:42,44.676308,-70.376244,1.1,3,0,0.0,457.3,3.67,5.22,0.0,7,1.6,,2,88,15.96,7
A1000042F1E07F,2018-01-03,18:23:34,2018-01-03 18:23:34,44.675625,-70.374847,1.2,3,0,0.0,441.8,3.67,5.45,0.0,7,1.6,,0,59,9.74,6
A1000042F1E07F,2018-01-03,18:08:26,2018-01-03 18:08:26,44.663246,-70.28614,1.2,3,276,31.2,547.2,3.7,5.68,0.3,8,1.3,,0,45,10.75,3
A1000042F1E07F,2018-01-03,17:53:19,2018-01-03 17:53:19,44.63308,-70.225906,1.2,3,319,25.8,356.4,3.68,6.25,54.58,7,1.3,,165,59,12.05,7
A1000042F1E07F,2018-01-03,17:38:40,2018-01-03 17:38:40,44.580162,-70.19101,1.0,3,236,15.4,424.4,3.66,5.7,1.1,7,1.0,,0,17,16.68,34
A1000042F1E07F,2018-01-03,17:22:45,2018-01-03 17:22:45,,,2.2,3,0,0.0,201.5,3.7,5.22,0.0,4,3.1,,13630,70,17.55,27
A1000042F1E07F,2018-01-03,17:07:34,2018-01-03 17:07:34,,,2.2,3,0,0.0,201.5,3.69,5.83,8.23,4,3.1,,13279,71,21.75,27
A1000042F1E07F,2018-01-03,16:52:22,2018-01-03 16:52:22,,,2.2,3,0,0.0,201.5,3.69,5.37,0.0,4,3.1,,12126,95,25.66,27
A1000042F1E07F,2018-01-03,16:37:11,2018-01-03 16:37:11,,,2.2,3,0,0.0,201.5,3.69,5.47,0.0,4,3.1,,12126,86,24.79,27
A1000042F1E07F,2018-01-03,16:22:00,2018-01-03 16:22:00,,,2.2,3,0,0.0,201.5,3.68,5.65,0.0,4,3.1,,11709,95,30.0,27
A1000042F1E07F,2018-01-03,16:06:49,2018-01-03 16:06:49,,,2.2,3,0,0.0,201.5,3.69,5.54,0.0,4,3.1,,11650,96,28.7,27
A1000042F1E07F,2018-01-03,15:51:37,2018-01-03 15:51:37,,,2.2,3,0,0.0,201.5,3.69,5.5,0.0,4,3.1,,11650,92,24.36,27
A1000042F1E07F,2018-01-03,15:36:26,2018-01-03 15:36:26,,,2.2,3,0,0.0,201.5,3.69,6.07,23.55,4,3.1,,11618,82,19.0,27
A1000042F1E07F,2018-01-03,15:21:14,2018-01-03 15:21:14,,,2.2,3,0,0.0,201.5,3.69,5.84,0.0,4,3.1,,11022,68,14.8,27
A1000042F1E07F,2018-01-03,15:06:02,2018-01-03 15:06:02,,,2.2,3,0,0.0,201.5,3.69,5.24,0.0,4,3.1,,10934,93,18.13,27
A1000042F1E07F,2018-01-03,14:50:50,2018-01-03 14:50:50,,,2.2,3,0,0.0,201.5,3.69,5.27,0.0,4,3.1,,10860,93,17.41,27
A1000042F1E07F,2018-01-03,14:35:38,2018-01-03 14:35:38,,,2.2,3,0,0.0,201.5,3.69,5.27,0.0,4,3.1,,10860,94,17.12,27
A1000042F1E07F,2018-01-03,14:20:26,2018-01-03 14:20:26,,,2.2,3,0,0.0,201.5,3.69,5.37,0.0,4,3.1,,10856,93,17.12,27
A1000042F1E07F,2018-01-03,14:05:14,2018-01-03 14:05:14,,,2.2,3,0,0.0,201.5,3.68,4.9,0.0,4,3.1,,10856,93,18.28,27
A1000042F1E07F,2018-01-03,13:50:02,2018-01-03 13:50:02,,,2.2,3,0,0.0,201.5,3.69,4.94,0.0,4,3.1,,10856,93,15.24,27
A1000042F1E07F,2018-01-03,13:34:50,2018-01-03 13:34:50,,,2.2,3,0,0.0,201.5,3.69,5.33,0.0,4,3.1,,10854,72,11.62,27
A1000042F1E07F,2018-01-03,13:19:38,2018-01-03 13:19:38,,,2.2,3,0,0.0,201.5,3.68,5.8,12.46,4,3.1,,10211,93,18.86,27
A1000042F1E07F,2018-01-03,13:04:26,2018-01-03 13:04:26,,,2.2,3,0,0.0,201.5,3.68,4.83,0.0,4,3.1,,10194,93,16.97,27
A1000042F1E07F,2018-01-03,12:49:14,2018-01-03 12:49:14,,,2.2,3,0,0.0,201.5,3.68,3.99,0.0,4,3.1,,10193,93,16.11,27
A1000042F1E07F,2018-01-03,12:34:02,2018-01-03 12:34:02,,,2.2,3,0,0.0,201.5,3.68,3.54,0.0,4,3.1,,10192,89,15.53,27
A1000042F1E07F,2018-01-03,12:18:50,2018-01-03 12:18:50,,,2.2,3,0,0.0,201.5,3.68,2.36,0.0,4,3.1,,10130,94,19.43,27
A1000042F1E07F,2018-01-03,12:03:38,2018-01-03 12:03:38,,,2.2,3,0,0.0,201.5,3.68,1.38,0.0,4,3.1,,10130,95,21.17,27
A1000042F1E07F,2018-01-03,11:48:27,2018-01-03 11:48:27,,,2.2,3,0,0.0,201.5,3.68,0.25,4.62,4,3.1,,10130,95,24.36,27
A1000042F1E07F,2018-01-03,11:33:16,2018-01-03 11:33:16,,,2.2,3,0,0.0,201.5,3.68,0.11,4.64,4,3.1,,10130,5151,27.11,27
A1000042F1E07F,2018-01-02,21:58:12,2018-01-02 21:58:12,,,2.2,3,0,0.0,201.5,3.68,0.1,4.62,4,3.1,,10022,12,19.0,27
A1000042F1E07F,2018-01-02,21:56:08,2018-01-02 21:56:08,,,2.2,3,0,0.0,201.5,3.68,0.1,4.62,4,3.1,,10022,94,19.58,27
A1000042F1E07F,2018-01-02,21:40:57,2018-01-02 21:40:57,,,2.2,3,0,0.0,201.5,3.68,0.2,4.61,4,3.1,,10022,94,19.29,27
A1000042F1E07F,2018-01-02,21:25:45,2018-01-02 21:25:45,,,2.2,3,0,0.0,201.5,3.68,0.95,4.58,4,3.1,,10022,93,17.55,27
A1000042F1E07F,2018-01-02,21:10:33,2018-01-02 21:10:33,,,2.2,3,0,0.0,201.5,3.68,2.79,0.0,4,3.1,,10022,86,16.83,27
A1000042F1E07F,2018-01-02,20:55:21,2018-01-02 20:55:21,,,2.2,3,0,0.0,201.5,3.68,2.89,0.0,4,3.1,,9591,94,20.16,27
A1000042F1E07F,2018-01-02,20:40:09,2018-01-02 20:40:09,,,2.2,3,0,0.0,201.5,3.69,3.69,0.0,4,3.1,,9591,93,18.42,27
A1000042F1E07F,2018-01-02,20:24:58,2018-01-02 20:24:58,,,2.2,3,0,0.0,201.5,3.69,3.97,0.0,4,3.1,,9591,92,15.24,27
A1000042F1E07F,2018-01-02,20:09:45,2018-01-02 20:09:45,,,2.2,3,0,0.0,201.5,3.69,4.87,0.0,4,3.1,,9591,43,8.29,27
A1000042F1E07F,2018-01-02,19:54:33,2018-01-02 19:54:33,,,2.2,3,0,0.0,201.5,3.7,6.05,5.88,4,3.1,,8232,20,7.13,27
A1000042F1E07F,2018-01-02,19:39:20,2018-01-02 19:39:20,,,2.2,3,0,0.0,201.5,3.69,6.11,16.44,4,3.1,,5930,67,13.64,27
A1000042F1E07F,2018-01-02,19:24:08,2018-01-02 19:24:08,,,2.2,3,0,0.0,201.5,3.68,5.41,0.0,4,3.1,,4961,88,17.99,27
A1000042F1E07F,2018-01-02,19:08:56,2018-01-02 19:08:56,,,2.2,3,0,0.0,201.5,3.68,6.06,16.27,4,3.1,,4729,74,16.39,27
A1000042F1E07F,2018-01-02,18:53:44,2018-01-02 18:53:44,,,2.2,3,0,0.0,201.5,3.68,4.87,0.0,4,3.1,,3997,94,20.16,27
A1000042F1E07F,2018-01-02,18:38:33,2018-01-02 18:38:33,,,2.2,3,0,0.0,201.5,3.68,5.12,0.0,4,3.1,,3997,87,20.74,27
A1000042F1E07F,2018-01-02,18:23:21,2018-01-02 18:23:21,,,2.2,3,0,0.0,201.5,3.68,5.78,0.0,4,3.1,,3594,90,22.47,27
A1000042F1E07F,2018-01-02,18:08:10,2018-01-02 18:08:10,,,2.2,3,0,0.0,201.5,3.67,5.42,0.0,4,3.1,,3387,94,21.32,27
A1000042F1E07F,2018-01-02,17:52:58,2018-01-02 17:52:58,,,2.2,3,0,0.0,201.5,3.67,5.48,0.0,4,3.1,,3387,64,20.59,27
A1000042F1E07F,2018-01-02,17:37:46,2018-01-02 17:37:46,,,2.2,3,0,0.0,201.5,3.67,5.35,0.0,4,3.1,,2881,82,18.86,27
A1000042F1E07F,2018-01-02,17:22:34,2018-01-02 17:22:34,,,2.2,3,0,0.0,201.5,3.67,5.76,4.3,4,3.1,,2518,86,17.7,27
A1000042F1E07F,2018-01-02,17:07:23,2018-01-02 17:07:23,,,2.2,3,0,0.0,201.5,3.67,5.28,0.0,4,3.1,,2215,87,18.86,27
A1000042F1E07F,2018-01-02,16:52:11,2018-01-02 16:52:11,,,2.2,3,0,0.0,201.5,3.67,6.04,0.0,4,3.1,,1981,90,19.43,27
A1000042F1E07F,2018-01-02,16:36:59,2018-01-02 16:36:59,,,2.2,3,0,0.0,201.5,3.66,5.13,0.0,4,3.1,,1806,94,20.59,27
A1000042F1E07F,2018-01-02,16:21:48,2018-01-02 16:21:48,,,2.2,3,0,0.0,201.5,3.66,5.08,0.0,4,3.1,,1806,94,20.45,27
A1000042F1E07F,2018-01-02,16:06:36,2018-01-02 16:06:36,,,2.2,3,0,0.0,201.5,3.67,5.4,0.0,4,3.1,,1806,81,12.63,27
A1000042F1E07F,2018-01-02,15:51:23,2018-01-02 15:51:23,,,2.2,3,0,0.0,201.5,3.68,6.25,15.54,4,3.1,,1362,89,4.24,27
A1000042F1E07F,2018-01-02,15:36:11,2018-01-02 15:36:11,,,2.2,3,0,0.0,201.5,3.64,5.7,0.08,4,3.1,,1317,78,14.66,27
A1000042F1E07F,2018-01-02,15:20:59,2018-01-02 15:20:59,,,2.2,3,0,0.0,201.5,3.63,4.91,0.0,4,3.1,,966,93,17.99,27
A1000042F1E07F,2018-01-02,15:05:47,2018-01-02 15:05:47,,,2.2,3,0,0.0,201.5,3.63,4.84,0.0,4,3.1,,894,94,17.12,27
A1000042F1E07F,2018-01-02,14:50:35,2018-01-02 14:50:35,,,2.2,3,0,0.0,201.5,3.63,4.82,0.0,4,3.1,,894,93,17.26,27
A1000042F1E07F,2018-01-02,14:35:23,2018-01-02 14:35:23,,,2.2,3,0,0.0,201.5,3.63,4.84,0.0,4,3.1,,894,94,17.26,27
A1000042F1E07F,2018-01-02,14:20:11,2018-01-02 14:20:11,,,2.2,3,0,0.0,201.5,3.63,4.73,0.0,4,3.1,,894,93,16.97,27
A1000042F1E07F,2018-01-02,14:05:00,2018-01-02 14:05:00,,,2.2,3,0,0.0,201.5,3.63,4.69,0.0,4,3.1,,894,93,15.82,27
A1000042F1E07F,2018-01-02,13:49:48,2018-01-02 13:49:48,,,2.2,3,0,0.0,201.5,3.63,5.0,0.0,4,3.1,,894,93,14.95,27
A1000042F1E07F,2018-01-02,13:34:36,2018-01-02 13:34:36,,,2.2,3,0,0.0,201.5,3.63,4.84,0.0,4,3.1,,894,93,16.25,27
A1000042F1E07F,2018-01-02,13:19:24,2018-01-02 13:19:24,,,2.2,3,0,0.0,201.5,3.63,4.84,0.0,4,3.1,,894,93,15.67,27
A1000042F1E07F,2018-01-02,13:04:11,2018-01-02 13:04:11,,,2.2,3,0,0.0,201.5,3.63,4.61,0.0,4,3.1,,894,91,14.22,27
A1000042F1E07F,2018-01-02,12:48:59,2018-01-02 12:48:59,,,2.2,3,0,0.0,201.5,3.63,4.77,0.0,4,3.1,,879,92,13.21,27
A1000042F1E07F,2018-01-02,12:33:47,2018-01-02 12:33:47,,,2.2,3,0,0.0,201.5,3.63,3.71,0.0,4,3.1,,879,86,10.89,27
A1000042F1E07F,2018-01-02,12:18:35,2018-01-02 12:18:35,,,2.2,3,0,0.0,201.5,3.63,3.94,0.0,4,3.1,,674,89,13.79,27
A1000042F1E07F,2018-01-02,12:03:23,2018-01-02 12:03:23,,,2.2,3,0,0.0,201.5,3.63,1.18,4.58,4,3.1,,580,94,18.28,27
A1000042F1E07F,2018-01-02,11:48:11,2018-01-02 11:48:11,,,2.2,3,0,0.0,201.5,3.62,0.19,4.6,4,3.1,,580,94,24.79,27
A1000042F1E07F,2018-01-02,11:33:01,2018-01-02 11:33:01,,,2.2,3,0,0.0,201.5,3.62,0.11,4.6,4,3.1,,578,5149,26.38,27
A1000042F1E07F,2018-01-01,21:57:23,2018-01-01 21:57:23,,,2.2,3,0,0.0,201.5,3.63,0.11,4.62,4,3.1,,492,1,18.13,27
A1000042F1E07F,2018-01-01,21:57:21,2018-01-01 21:57:21,,,2.2,3,0,0.0,201.5,3.63,0.11,4.62,4,3.1,,492,93,18.28,27
A1000042F1E07F,2018-01-01,21:42:09,2018-01-01 21:42:09,,,2.2,3,0,0.0,201.5,3.63,0.18,4.6,4,3.1,,486,93,17.7,27
A1000042F1E07F,2018-01-01,21:26:57,2018-01-01 21:26:57,,,2.2,3,0,0.0,201.5,3.63,0.73,4.58,4,3.1,,482,92,15.53,27
A1000042F1E07F,2018-01-01,21:11:45,2018-01-01 21:11:45,,,2.2,3,0,0.0,201.5,3.63,1.94,0.0,4,3.1,,424,93,15.67,27
A1000042F1E07F,2018-01-01,20:56:33,2018-01-01 20:56:33,,,2.2,3,0,0.0,201.5,3.63,2.88,0.0,4,3.1,,424,93,15.96,27
A1000042F1E07F,2018-01-01,20:41:21,2018-01-01 20:41:21,,,2.2,3,0,0.0,201.5,3.63,3.55,0.0,4,3.1,,424,93,15.67,27
A1000042F1E07F,2018-01-01,20:26:09,2018-01-01 20:26:09,,,2.2,3,0,0.0,201.5,3.63,4.22,0.0,4,3.1,,405,92,14.37,27
A1000042F1E07F,2018-01-01,20:10:57,2018-01-01 20:10:57,,,2.2,3,0,0.0,201.5,3.63,4.88,0.0,4,3.1,,405,78,13.07,27
A1000042F1E07F,2018-01-01,19:55:45,2018-01-01 19:55:45,,,2.2,3,0,0.0,201.5,3.63,4.16,0.0,4,3.1,,0,91,18.86,27
A1000042F1E07F,2018-01-01,19:40:57,2018-01-01 19:40:57,44.472839,-70.481323,2.2,3,0,0.0,201.5,3.59,4.67,0.0,4,3.1,,0,91,21.03,27
A1000042F1E07F,2018-01-01,19:25:29,2018-01-01 19:25:29,44.47282,-70.4813,1.0,3,0,0.0,213.8,3.6,4.78,0.0,7,1.4,,0,91,20.74,6
A1000042F1E07F,2018-01-01,19:10:23,2018-01-01 19:10:23,44.472805,-70.481354,1.0,3,0,0.0,222.9,3.6,5.05,0.0,7,1.6,,0,88,20.01,13
A1000042F1E07F,2018-01-01,18:55:39,2018-01-01 18:55:39,44.472885,-70.481277,0.9,3,0,0.0,211.5,3.6,5.04,0.0,7,1.7,,0,91,20.59,41
A1000042F1E07F,2018-01-01,18:39:57,2018-01-01 18:39:57,44.472881,-70.480995,1.3,3,0,0.0,196.6,3.61,4.98,0.0,6,2.0,,0,88,20.16,27
A1000042F1E07F,2018-01-01,18:24:58,2018-01-01 18:24:58,44.472942,-70.481125,1.5,3,0,0.0,245.0,3.61,5.07,0.0,6,2.2,,0,88,18.86,30
A1000042F1E07F,2018-01-01,18:09:56,2018-01-01 18:09:56,44.472794,-70.48127,2.0,3,43,0.0,209.4,3.62,5.17,0.0,5,2.6,,0,91,17.84,29
A1000042F1E07F,2018-01-01,17:54:26,2018-01-01 17:54:26,44.47287,-70.481285,1.5,3,0,0.0,219.0,3.62,5.01,0.0,6,1.6,,0,87,17.12,25
A1000042F1E07F,2018-01-01,17:39:28,2018-01-01 17:39:28,44.472832,-70.481339,1.4,3,0,0.0,202.0,3.62,5.14,0.0,7,1.7,,0,90,15.53,41
A1000042F1E07F,2018-01-01,17:23:45,2018-01-01 17:23:45,44.473423,-70.480682,3.7,3,0,0.0,307.4,3.63,5.58,0.0,4,4.2,,154,74,12.63,9
A1000042F1E07F,2018-01-01,17:08:34,2018-01-01 17:08:34,44.466557,-70.468018,1.8,3,163,0.0,166.0,3.63,5.63,0.0,6,2.5,,0,90,15.38,7
A1000042F1E07F,2018-01-01,16:53:25,2018-01-01 16:53:25,44.466351,-70.46817,1.5,3,0,0.0,188.6,3.63,5.55,0.0,6,2.6,,236,82,17.41,21
A1000042F1E07F,2018-01-01,16:38:02,2018-01-01 16:38:02,44.466496,-70.468155,1.2,3,145,0.0,176.0,3.63,5.65,0.0,7,1.5,,113,78,17.84,5
A1000042F1E07F,2018-01-01,16:23:26,2018-01-01 16:23:26,44.466385,-70.46933,1.2,3,0,0.0,180.0,3.63,5.44,0.0,8,1.4,,4,71,18.86,29
A1000042F1E07F,2018-01-01,16:07:56,2018-01-01 16:07:56,44.466278,-70.469383,1.3,3,0,0.0,155.2,3.63,5.49,0.0,8,1.8,,13,65,14.22,22
A1000042F1E07F,2018-01-01,15:52:32,2018-01-01 15:52:32,44.466187,-70.46936,1.4,3,0,0.0,170.2,3.62,5.9,0.0,7,2.7,,59,72,7.28,5
A1000042F1E07F,2018-01-01,15:37:26,2018-01-01 15:37:26,44.492168,-70.480164,1.1,3,0,0.0,193.0,3.62,4.89,0.0,9,1.2,,0,87,16.97,23
A1000042F1E07F,2018-01-01,15:22:31,2018-01-01 15:22:31,44.492207,-70.480232,1.1,3,0,0.0,198.9,3.64,4.97,0.0,9,1.2,,0,87,15.24,29
A1000042F1E07F,2018-01-01,15:07:30,2018-01-01 15:07:30,44.492085,-70.480003,3.8,3,0,0.0,207.8,3.62,5.2,0.0,4,3.6,,0,89,13.21,30
A1000042F1E07F,2018-01-01,14:51:58,2018-01-01 14:51:58,44.491863,-70.479584,1.6,3,0,0.0,271.0,3.62,5.28,0.0,4,1.3,,0,63,9.74,24
A1000042F1E07F,2018-01-01,14:36:00,2018-01-01 14:36:00,,,1.1,3,358,0.0,145.1,3.67,6.25,24.14,8,1.5,,1335,51,7.13,80
A1000042F1E07F,2018-01-01,14:20:48,2018-01-01 14:20:48,,,1.1,3,358,0.0,145.1,3.64,5.31,0.0,8,1.5,,126,93,15.53,80
A1000042F1E07F,2018-01-01,14:05:36,2018-01-01 14:05:36,,,1.1,3,358,0.0,145.1,3.64,5.3,0.0,8,1.5,,126,92,14.8,80
A1000042F1E07F,2018-01-01,13:50:24,2018-01-01 13:50:24,,,1.1,3,358,0.0,145.1,3.64,4.79,0.0,8,1.5,,21,93,16.83,80
A1000042F1E07F,2018-01-01,13:35:12,2018-01-01 13:35:12,,,1.1,3,358,0.0,145.1,3.64,4.92,0.0,8,1.5,,18,93,16.11,80
A1000042F1E07F,2018-01-01,13:20:00,2018-01-01 13:20:00,,,1.1,3,358,0.0,145.1,3.64,4.97,0.0,8,1.5,,18,92,15.09,80
A1000042F1E07F,2018-01-01,13:04:48,2018-01-01 13:04:48,,,1.1,3,358,0.0,145.1,3.64,4.89,0.0,8,1.5,,18,93,14.37,80
A1000042F1E07F,2018-01-01,12:49:35,2018-01-01 12:49:35,,,1.1,3,358,0.0,145.1,3.64,4.84,0.0,8,1.5,,13,93,15.53,80
A1000042F1E07F,2018-01-01,12:34:23,2018-01-01 12:34:23,,,1.1,3,358,0.0,145.1,3.64,4.62,0.0,8,1.5,,7,84,16.39,80
A1000042F1E07F,2018-01-01,12:20:38,2018-01-01 12:20:38,44.50531,-70.399162,1.1,3,358,0.0,145.1,3.59,1.73,0.0,8,1.5,,7,90,17.41,80
A1000042F1E07F,2018-01-01,12:04:18,2018-01-01 12:04:18,44.505547,-70.399231,3.9,3,0,0.5,161.8,3.61,0.43,4.46,4,2.0,,0,91,18.71,8
A1000042F1E07F,2018-01-01,11:49:09,2018-01-01 11:49:09,44.505424,-70.399124,2.1,3,0,0.0,160.4,3.64,0.57,4.58,5,1.8,,0,35,23.49,4
A1000042F1E07F,2018-01-01,11:34:08,2018-01-01 11:34:08,44.505325,-70.399345,1.7,3,0,0.0,184.4,3.65,0.13,4.61,4,1.7,,0,154,30.87,30
A1000042F1E07F,2017-12-31,21:53:17,2017-12-31 21:53:17,44.508049,-70.399147,2.5,3,0,0.0,148.8,3.64,0.12,4.58,6,3.0,,0,71,8.14,7
A1000042F1E07F,2017-12-31,21:38:07,2017-12-31 21:38:07,44.510185,-70.406845,2.4,3,299,13.2,140.8,3.69,0.49,4.52,6,3.3,,162,39,3.22,3
A1000042F1E07F,2017-12-31,21:23:01,2017-12-31 21:23:01,44.523159,-70.466125,2.1,3,315,23.1,180.3,3.63,4.18,0.0,6,3.0,,438,21,3.95,8
A1000042F1E07F,2017-12-31,21:07:51,2017-12-31 21:07:51,44.509098,-70.403297,2.0,3,287,10.6,166.3,3.66,4.87,0.0,6,2.7,,45,90,17.41,14
A1000042F1E07F,2017-12-31,20:52:36,2017-12-31 20:52:36,44.508183,-70.399979,1.5,3,272,0.0,149.1,3.66,3.09,0.0,7,1.5,,0,87,16.11,10
A1000042F1E07F,2017-12-31,20:37:54,2017-12-31 20:37:54,44.50811,-70.399925,1.0,3,0,0.0,147.6,3.66,4.96,0.0,8,1.1,,0,86,12.92,37
A1000042F1E07F,2017-12-31,20:22:44,2017-12-31 20:22:44,44.508324,-70.400009,2.6,3,330,0.0,169.5,3.65,5.44,0.0,4,1.9,,45,40,4.82,29
A1000042F1E07F,2017-12-31,20:07:13,2017-12-31 20:07:13,44.468857,-70.387695,1.1,3,9,26.0,440.8,3.65,6.25,19.54,4,1.4,,2,51,2.79,8
A1000042F1E07F,2017-12-31,19:52:03,2017-12-31 19:52:03,44.446701,-70.350128,1.0,3,343,18.6,338.0,3.66,6.25,31.79,6,1.6,,95,50,7.42,6
A1000042F1E07F,2017-12-31,19:36:56,2017-12-31 19:36:56,44.430248,-70.330818,1.0,3,0,0.0,148.2,3.66,5.05,0.0,7,1.6,,0,77,11.47,7
A1000042F1E07F,2017-12-31,19:21:46,2017-12-31 19:21:46,44.434822,-70.318344,1.0,3,0,0.0,155.5,3.66,5.84,0.0,7,2.0,,0,42,8.0,4
A1000042F1E07F,2017-12-31,19:06:39,2017-12-31 19:06:39,44.442848,-70.2687,1.1,3,222,28.6,202.3,3.65,6.06,0.81,7,2.3,,42,41,6.55,13
A1000042F1E07F,2017-12-31,18:51:24,2017-12-31 18:51:24,44.42857,-70.218216,1.3,3,151,0.0,171.7,3.65,5.93,0.0,6,2.6,,0,57,9.88,6
A1000042F1E07F,2017-12-31,18:36:16,2017-12-31 18:36:16,44.429749,-70.194412,1.1,3,0,0.0,176.8,3.64,5.46,0.0,8,2.1,,61,21,4.82,6
A1000042F1E07F,2017-12-31,18:21:37,2017-12-31 18:21:37,44.471382,-70.153915,0.9,3,232,21.1,179.2,3.65,6.22,7.05,7,1.2,,37,34,6.7,27
A1000042F1E07F,2017-12-31,18:06:07,2017-12-31 18:06:07,44.523438,-70.135262,2.5,3,0,0.0,121.3,3.65,5.68,0.0,4,1.9,,355,77,10.61,10
A1000042F1E07F,2017-12-31,17:51:24,2017-12-31 17:51:24,44.521587,-70.129562,2.2,3,0,0.0,136.3,3.63,5.46,0.0,6,2.1,,260,70,6.26,53
A1000042F1E07F,2017-12-31,17:35:30,2017-12-31 17:35:30,44.525665,-70.112732,2.1,3,259,12.9,201.0,3.65,6.25,30.08,6,2.4,,50,37,10.32,4
A1000042F1E07F,2017-12-31,17:20:24,2017-12-31 17:20:24,44.5186,-70.09198,2.2,3,0,0.0,174.8,3.63,5.17,0.0,6,2.5,,0,91,20.88,10
A1000042F1E07F,2017-12-31,17:05:13,2017-12-31 17:05:13,44.518745,-70.092094,1.2,3,16,0.0,138.2,3.63,5.19,0.0,5,1.4,,0,91,21.03,9
A1000042F1E07F,2017-12-31,16:50:03,2017-12-31 16:50:03,44.518795,-70.091988,1.3,3,0,0.0,165.8,3.63,5.18,0.0,5,1.5,,0,91,20.3,7
A1000042F1E07F,2017-12-31,16:34:55,2017-12-31 16:34:55,44.518814,-70.091995,1.0,3,338,0.0,158.8,3.63,5.03,0.0,8,1.2,,0,77,16.39,8
A1000042F1E07F,2017-12-31,16:19:46,2017-12-31 16:19:46,44.510208,-70.090958,1.1,3,0,0.0,145.4,3.62,4.98,0.0,8,1.5,,0,87,15.67,14
A1000042F1E07F,2017-12-31,16:05:00,2017-12-31 16:05:00,44.510242,-70.090919,1.3,3,0,0.0,150.7,3.62,5.06,0.0,8,1.7,,0,90,16.54,34
A1000042F1E07F,2017-12-31,15:49:22,2017-12-31 15:49:22,44.510208,-70.090919,1.8,3,105,0.0,170.6,3.63,5.11,0.0,5,2.0,,0,90,15.67,7
A1000042F1E07F,2017-12-31,15:34:14,2017-12-31 15:34:14,44.510181,-70.090897,1.8,3,359,0.0,144.5,3.63,5.27,0.12,6,2.0,,0,90,16.11,9
A1000042F1E07F,2017-12-31,15:19:04,2017-12-31 15:19:04,44.510185,-70.090927,2.1,3,153,0.0,112.1,3.63,5.29,0.0,6,2.0,,0,90,15.53,9
A1000042F1E07F,2017-12-31,15:03:54,2017-12-31 15:03:54,44.510189,-70.090897,1.1,3,0,0.0,153.3,3.63,5.22,0.0,7,1.0,,0,90,15.96,7
A1000042F1E07F,2017-12-31,14:48:45,2017-12-31 14:48:45,44.510277,-70.090881,1.1,3,194,0.0,143.6,3.64,5.31,0.0,8,1.1,,0,90,16.11,8
A1000042F1E07F,2017-12-31,14:33:33,2017-12-31 14:33:33,44.510269,-70.090996,1.1,3,134,0.0,149.8,3.64,5.42,0.0,8,1.2,,0,79,17.84,5
A1000042F1E07F,2017-12-31,14:18:27,2017-12-31 14:18:27,44.514549,-70.093391,1.0,3,0,0.0,130.0,3.64,5.68,0.0,8,1.1,,0,85,20.45,5
A1000042F1E07F,2017-12-31,14:03:19,2017-12-31 14:03:19,44.518711,-70.091812,0.9,3,0,0.0,130.4,3.64,5.23,0.0,10,1.0,,0,90,15.82,4
A1000042F1E07F,2017-12-31,13:48:14,2017-12-31 13:48:14,44.518799,-70.091843,1.0,3,254,0.0,132.4,3.64,5.29,0.0,9,1.2,,0,90,15.82,8
A1000042F1E07F,2017-12-31,13:33:03,2017-12-31 13:33:03,44.518772,-70.091858,0.9,3,0,0.0,131.8,3.64,5.21,0.0,10,1.2,,0,90,15.82,9
A1000042F1E07F,2017-12-31,13:17:52,2017-12-31 13:17:52,44.518856,-70.09185,1.1,3,0,0.0,138.3,3.65,5.29,0.0,9,1.9,,0,87,14.37,16
A1000042F1E07F,2017-12-31,13:03:04,2017-12-31 13:03:04,44.518585,-70.091713,1.1,3,337,0.0,124.2,3.63,5.14,0.0,8,1.2,,2,87,13.79,37
A1000042F1E07F,2017-12-31,12:47:25,2017-12-31 12:47:25,44.519718,-70.094955,2.0,3,0,0.0,109.8,3.64,4.63,0.0,4,2.4,,0,90,14.8,10
A1000042F1E07F,2017-12-31,12:32:14,2017-12-31 12:32:14,44.519547,-70.094818,2.1,3,0,0.0,127.1,3.64,4.31,0.0,4,2.6,,0,84,11.76,12
A1000042F1E07F,2017-12-31,12:17:01,2017-12-31 12:17:01,44.515083,-70.092995,2.0,3,0,0.0,114.8,3.64,4.42,0.0,5,2.5,,124,80,12.2,5
A1000042F1E07F,2017-12-31,12:01:54,2017-12-31 12:01:54,44.512691,-70.092506,2.5,3,1,0.0,150.1,3.64,1.57,0.49,5,3.2,,0,88,14.8,7
A1000042F1E07F,2017-12-31,11:46:46,2017-12-31 11:46:46,44.511612,-70.091446,1.4,3,344,0.0,139.4,3.65,0.38,4.58,6,1.5,,0,88,16.39,6
A1000042F1E07F,2017-12-31,11:32:08,2017-12-31 11:32:08,44.511757,-70.091377,1.5,3,0,0.0,137.2,3.65,0.11,4.6,5,1.6,,38,183,21.89,33
A1000042F1E07F,2017-12-30,21:53:31,2017-12-30 21:53:31,44.511623,-70.091515,1.3,3,166,0.0,179.3,3.66,0.1,4.62,5,2.1,,0,89,24.36,11
A1000042F1E07F,2017-12-30,21:38:49,2017-12-30 21:38:49,44.511559,-70.091454,1.4,3,0,0.0,153.5,3.66,0.11,4.6,5,2.4,,0,91,20.45,9
A1000042F1E07F,2017-12-30,21:23:38,2017-12-30 21:23:38,44.511608,-70.091408,1.6,3,0,0.0,132.6,3.66,1.45,0.4,5,2.7,,0,89,19.58,6
A1000042F1E07F,2017-12-30,21:08:30,2017-12-30 21:08:30,44.512691,-70.092461,1.1,3,0,0.0,157.5,3.66,3.01,0.0,5,1.1,,0,91,20.59,6
A1000042F1E07F,2017-12-30,20:53:22,2017-12-30 20:53:22,44.512722,-70.092636,1.0,3,0,0.0,158.9,3.66,3.94,0.0,7,1.0,,0,92,20.74,8
A1000042F1E07F,2017-12-30,20:38:12,2017-12-30 20:38:12,44.512905,-70.092468,1.5,3,0,0.0,130.5,3.66,4.41,0.0,8,1.7,,0,92,21.32,9
A1000042F1E07F,2017-12-30,20:23:02,2017-12-30 20:23:02,44.512802,-70.092545,1.0,3,0,0.0,155.0,3.66,4.54,0.0,8,1.3,,0,91,21.03,7
A1000042F1E07F,2017-12-30,20:07:54,2017-12-30 20:07:54,44.512875,-70.092438,1.0,3,0,0.0,169.8,3.66,4.7,0.0,8,1.1,,0,91,21.03,7
A1000042F1E07F,2017-12-30,19:52:46,2017-12-30 19:52:46,44.51284,-70.092339,0.8,3,0,0.0,155.5,3.66,5.12,0.0,9,1.0,,0,88,20.16,8
A1000042F1E07F,2017-12-30,19:38:06,2017-12-30 19:38:06,44.512798,-70.092438,0.8,3,0,0.0,159.9,3.67,5.29,0.0,10,1.1,,126,79,19.0,37
A1000042F1E07F,2017-12-30,19:22:28,2017-12-30 19:22:28,44.513142,-70.093071,3.7,3,0,0.0,152.3,3.66,5.25,0.0,5,3.9,,0,90,20.01,12
A1000042F1E07F,2017-12-30,19:07:15,2017-12-30 19:07:15,44.512745,-70.092468,2.7,3,89,0.0,135.1,3.69,4.54,0.0,5,3.9,,0,91,19.72,4
A1000042F1E07F,2017-12-30,18:52:10,2017-12-30 18:52:10,44.512718,-70.092766,2.4,3,262,0.0,118.7,3.69,4.99,0.0,5,4.7,,0,84,16.11,5
A1000042F1E07F,2017-12-30,18:37:04,2017-12-30 18:37:04,44.518608,-70.092377,2.5,3,0,0.0,66.3,3.69,5.27,0.0,5,6.2,,0,91,17.26,4
A1000042F1E07F,2017-12-30,18:21:59,2017-12-30 18:21:59,44.518688,-70.09211,1.9,3,13,0.0,135.1,3.67,5.34,0.0,6,2.5,,0,91,19.0,6
A1000042F1E07F,2017-12-30,18:06:52,2017-12-30 18:06:52,44.518696,-70.092102,1.9,3,0,0.0,139.4,3.67,5.27,0.0,6,2.4,,0,91,18.42,9
A1000042F1E07F,2017-12-30,17:51:42,2017-12-30 17:51:42,44.518761,-70.092102,1.9,3,164,0.0,132.8,3.67,5.27,0.0,6,2.2,,0,91,17.26,8
A1000042F1E07F,2017-12-30,17:36:33,2017-12-30 17:36:33,44.518723,-70.092163,1.6,3,34,0.0,125.9,3.67,5.49,0.0,7,1.8,,0,90,15.96,8
A1000042F1E07F,2017-12-30,17:21:23,2017-12-30 17:21:23,44.518795,-70.092117,1.6,3,114,0.0,129.7,3.66,5.5,0.0,7,1.8,,0,86,13.07,10
A1000042F1E07F,2017-12-30,17:06:40,2017-12-30 17:06:40,44.518711,-70.092041,1.6,3,0,0.0,142.3,3.66,6.17,0.0,7,1.6,,714,20,8.29,35
A1000042F1E07F,2017-12-30,16:52:59,2017-12-30 16:52:59,,,0.0,1,0,0.0,0.0,3.66,6.17,12.71,0,0.0,,0,37,9.59,124
A1000042F1E07F,2017-12-30,16:35:09,2017-12-30 16:35:09,,,3.2,3,0,0.0,106.4,3.69,5.63,0.0,6,1.3,,8997,73,12.34,37
A1000042F1E07F,2017-12-30,16:19:57,2017-12-30 16:19:57,,,3.2,3,0,0.0,106.4,3.69,4.96,0.0,6,1.3,,8434,94,18.57,37
A1000042F1E07F,2017-12-30,16:04:45,2017-12-30 16:04:45,,,3.2,3,0,0.0,106.4,3.69,5.07,0.0,6,1.3,,8434,93,19.43,37
A1000042F1E07F,2017-12-30,15:49:33,2017-12-30 15:49:33,,,3.2,3,0,0.0,106.4,3.69,4.96,0.0,6,1.3,,8374,93,19.87,37
A1000042F1E07F,2017-12-30,15:34:21,2017-12-30 15:34:21,,,3.2,3,0,0.0,106.4,3.69,4.9,0.0,6,1.3,,8281,93,20.45,37
A1000042F1E07F,2017-12-30,15:19:10,2017-12-30 15:19:10,,,3.2,3,0,0.0,106.4,3.69,4.95,0.0,6,1.3,,8253,94,19.87,37
A1000042F1E07F,2017-12-30,15:03:58,2017-12-30 15:03:58,,,3.2,3,0,0.0,106.4,3.69,4.89,0.0,6,1.3,,8253,94,19.72,37
A1000042F1E07F,2017-12-30,14:48:46,2017-12-30 14:48:46,,,3.2,3,0,0.0,106.4,3.69,5.05,0.0,6,1.3,,8253,94,19.43,37
A1000042F1E07F,2017-12-30,14:33:34,2017-12-30 14:33:34,,,3.2,3,0,0.0,106.4,3.69,4.96,0.0,6,1.3,,8253,94,18.28,37
A1000042F1E07F,2017-12-30,14:18:22,2017-12-30 14:18:22,,,3.2,3,0,0.0,106.4,3.69,4.94,0.0,6,1.3,,8253,93,17.26,37
A1000042F1E07F,2017-12-30,14:03:10,2017-12-30 14:03:10,,,3.2,3,0,0.0,106.4,3.69,5.11,0.0,6,1.3,,8253,92,14.8,37
A1000042F1E07F,2017-12-30,13:47:57,2017-12-30 13:47:57,,,3.2,3,0,0.0,106.4,3.69,5.33,0.0,6,1.3,,8253,74,11.33,37
A1000042F1E07F,2017-12-30,13:32:45,2017-12-30 13:32:45,,,3.2,3,0,0.0,106.4,3.69,5.01,0.0,6,1.3,,7344,93,16.68,37
A1000042F1E07F,2017-12-30,13:17:33,2017-12-30 13:17:33,,,3.2,3,0,0.0,106.4,3.69,4.76,0.0,6,1.3,,7344,93,16.39,37
A1000042F1E07F,2017-12-30,13:02:21,2017-12-30 13:02:21,,,3.2,3,0,0.0,106.4,3.69,4.69,0.0,6,1.3,,7344,92,15.67,37
A1000042F1E07F,2017-12-30,12:47:08,2017-12-30 12:47:08,,,3.2,3,0,0.0,106.4,3.69,4.48,0.0,6,1.3,,7335,93,15.96,37
A1000042F1E07F,2017-12-30,12:31:56,2017-12-30 12:31:56,,,3.2,3,0,0.0,106.4,3.69,4.88,0.0,6,1.3,,7335,93,14.22,37
A1000042F1E07F,2017-12-30,12:16:44,2017-12-30 12:16:44,,,3.2,3,0,0.0,106.4,3.69,4.24,0.0,6,1.3,,7335,85,13.21,37
A1000042F1E07F,2017-12-30,12:01:32,2017-12-30 12:01:32,,,3.2,3,0,0.0,106.4,3.69,1.38,0.06,6,1.3,,7047,94,19.43,37
A1000042F1E07F,2017-12-30,11:46:20,2017-12-30 11:46:20,,,3.2,3,0,0.0,106.4,3.69,0.3,4.61,6,1.3,,7047,96,23.05,37
A1000042F1E07F,2017-12-30,11:31:09,2017-12-30 11:31:09,,,3.2,3,0,0.0,106.4,3.68,0.11,4.64,6,1.3,,7047,5170,29.57,37
A1000042F1E07F,2017-12-29,21:52:25,2017-12-29 21:52:25,,,3.2,3,0,0.0,106.4,3.69,0.1,4.62,6,1.3,,6878,88,21.89,37
A1000042F1E07F,2017-12-29,21:38:12,2017-12-29 21:38:12,,,3.2,3,0,0.0,106.4,3.69,0.17,4.62,6,1.3,,6878,94,20.59,37
A1000042F1E07F,2017-12-29,21:23:01,2017-12-29 21:23:01,,,3.2,3,0,0.0,106.4,3.69,0.69,4.58,6,1.3,,6878,95,24.21,37
A1000042F1E07F,2017-12-29,21:07:49,2017-12-29 21:07:49,,,3.2,3,0,0.0,106.4,3.69,0.36,4.57,6,1.3,,6878,95,24.21,37
A1000042F1E07F,2017-12-29,20:52:37,2017-12-29 20:52:37,,,3.2,3,0,0.0,106.4,3.69,2.53,0.0,6,1.3,,6878,93,17.99,37
A1000042F1E07F,2017-12-29,20:37:25,2017-12-29 20:37:25,,,3.2,3,0,0.0,106.4,3.69,3.51,0.0,6,1.3,,6864,90,17.84,37
A1000042F1E07F,2017-12-29,20:22:13,2017-12-29 20:22:13,,,3.2,3,0,0.0,106.4,3.69,4.09,0.0,6,1.3,,6731,93,19.0,37
A1000042F1E07F,2017-12-29,20:07:01,2017-12-29 20:07:01,,,3.2,3,0,0.0,106.4,3.69,4.34,0.0,6,1.3,,6731,94,17.7,37
A1000042F1E07F,2017-12-29,19:51:49,2017-12-29 19:51:49,,,3.2,3,0,0.0,106.4,3.69,4.58,0.0,6,1.3,,6731,92,15.09,37
A1000042F1E07F,2017-12-29,19:36:37,2017-12-29 19:36:37,,,3.2,3,0,0.0,106.4,3.69,5.27,0.0,6,1.3,,6731,62,9.3,37
A1000042F1E07F,2017-12-29,19:21:24,2017-12-29 19:21:24,,,3.2,3,0,0.0,106.4,3.69,5.32,0.0,6,1.3,,5326,81,11.33,37
A1000042F1E07F,2017-12-29,19:06:12,2017-12-29 19:06:12,,,3.2,3,0,0.0,106.4,3.69,5.8,0.24,6,1.3,,4863,84,12.78,37
A1000042F1E07F,2017-12-29,18:50:59,2017-12-29 18:50:59,,,3.2,3,0,0.0,106.4,3.69,5.28,0.0,6,1.3,,4540,91,14.37,37
A1000042F1E07F,2017-12-29,18:35:47,2017-12-29 18:35:47,,,3.2,3,0,0.0,106.4,3.69,5.62,0.0,6,1.3,,4482,76,14.8,37
A1000042F1E07F,2017-12-29,18:20:35,2017-12-29 18:20:35,,,3.2,3,0,0.0,106.4,3.69,4.98,0.0,6,1.3,,3569,94,18.42,37
A1000042F1E07F,2017-12-29,18:05:23,2017-12-29 18:05:23,,,3.2,3,0,0.0,106.4,3.69,5.08,0.0,6,1.3,,3569,94,19.0,37
A1000042F1E07F,2017-12-29,17:50:11,2017-12-29 17:50:11,,,3.2,3,0,0.0,106.4,3.69,5.15,0.0,6,1.3,,3569,93,18.13,37
A1000042F1E07F,2017-12-29,17:34:59,2017-12-29 17:34:59,,,3.2,3,0,0.0,106.4,3.69,5.19,0.0,6,1.3,,3569,93,18.13,37
A1000042F1E07F,2017-12-29,17:19:48,2017-12-29 17:19:48,,,3.2,3,0,0.0,106.4,3.69,5.2,0.0,6,1.3,,3566,94,18.42,37
A1000042F1E07F,2017-12-29,17:04:36,2017-12-29 17:04:36,,,3.2,3,0,0.0,106.4,3.69,5.31,0.0,6,1.3,,3566,94,18.71,37
A1000042F1E07F,2017-12-29,16:49:24,2017-12-29 16:49:24,,,3.2,3,0,0.0,106.4,3.69,5.46,0.0,6,1.3,,3566,88,18.42,37
A1000042F1E07F,2017-12-29,16:34:12,2017-12-29 16:34:12,,,3.2,3,0,0.0,106.4,3.69,5.36,0.0,6,1.3,,3311,92,21.32,37
A1000042F1E07F,2017-12-29,16:19:00,2017-12-29 16:19:00,,,3.2,3,0,0.0,106.4,3.69,5.15,0.0,6,1.3,,3177,94,22.33,37
A1000042F1E07F,2017-12-29,16:03:49,2017-12-29 16:03:49,,,3.2,3,0,0.0,106.4,3.69,5.27,0.0,6,1.3,,3177,94,20.74,37
A1000042F1E07F,2017-12-29,15:48:37,2017-12-29 15:48:37,,,3.2,3,0,0.0,106.4,3.69,5.36,0.0,6,1.3,,3177,94,19.87,37
A1000042F1E07F,2017-12-29,15:33:25,2017-12-29 15:33:25,,,3.2,3,0,0.0,106.4,3.69,5.61,0.0,6,1.3,,3177,93,17.26,37
A1000042F1E07F,2017-12-29,15:18:13,2017-12-29 15:18:13,,,3.2,3,0,0.0,106.4,3.69,5.76,0.06,6,1.3,,3165,82,14.37,37
A1000042F1E07F,2017-12-29,15:03:00,2017-12-29 15:03:00,,,3.2,3,0,0.0,106.4,3.69,5.66,0.0,6,1.3,,2614,82,13.21,37
A1000042F1E07F,2017-12-29,14:47:48,2017-12-29 14:47:48,,,3.2,3,0,0.0,106.4,3.69,5.49,0.0,6,1.3,,2172,86,13.79,37
A1000042F1E07F,2017-12-29,14:32:36,2017-12-29 14:32:36,,,3.2,3,0,0.0,106.4,3.68,4.99,0.0,6,1.3,,1787,93,17.84,37
A1000042F1E07F,2017-12-29,14:17:24,2017-12-29 14:17:24,,,3.2,3,0,0.0,106.4,3.69,5.27,0.0,6,1.3,,1787,94,17.41,37
A1000042F1E07F,2017-12-29,14:02:12,2017-12-29 14:02:12,,,3.2,3,0,0.0,106.4,3.69,5.02,0.0,6,1.3,,1786,93,16.39,37
A1000042F1E07F,2017-12-29,13:47:00,2017-12-29 13:47:00,,,3.2,3,0,0.0,106.4,3.69,4.85,0.0,6,1.3,,1786,93,15.82,37
A1000042F1E07F,2017-12-29,13:31:47,2017-12-29 13:31:47,,,3.2,3,0,0.0,106.4,3.69,4.82,0.0,6,1.3,,1786,93,15.67,37
A1000042F1E07F,2017-12-29,13:16:35,2017-12-29 13:16:35,,,3.2,3,0,0.0,106.4,3.69,4.7,0.0,6,1.3,,1786,93,14.95,37
A1000042F1E07F,2017-12-29,13:01:23,2017-12-29 13:01:23,,,3.2,3,0,0.0,106.4,3.69,4.62,0.0,6,1.3,,1786,93,14.8,37
A1000042F1E07F,2017-12-29,12:46:11,2017-12-29 12:46:11,,,3.2,3,0,0.0,106.4,3.69,4.94,0.0,6,1.3,,1786,93,13.93,37
A1000042F1E07F,2017-12-29,12:30:58,2017-12-29 12:30:58,,,3.2,3,0,0.0,106.4,3.69,4.49,0.0,6,1.3,,1785,83,11.91,37
A1000042F1E07F,2017-12-29,12:15:46,2017-12-29 12:15:46,,,3.2,3,0,0.0,106.4,3.68,3.65,0.0,6,1.3,,1419,93,17.41,37
A1000042F1E07F,2017-12-29,12:00:34,2017-12-29 12:00:34,,,3.2,3,0,0.0,106.4,3.68,1.11,4.58,6,1.3,,1409,95,20.3,37
A1000042F1E07F,2017-12-29,11:45:22,2017-12-29 11:45:22,,,3.2,3,0,0.0,106.4,3.68,0.27,4.62,6,1.3,,1409,95,25.51,37
A1000042F1E07F,2017-12-29,11:30:12,2017-12-29 11:30:12,,,3.2,3,0,0.0,106.4,3.68,0.11,4.62,6,1.3,,1406,5177,25.95,37
A1000042F1E07F,2017-12-28,21:53:30,2017-12-28 21:53:30,,,3.2,3,0,0.0,106.4,3.69,0.09,4.62,6,1.3,,1326,86,16.54,37
A1000042F1E07F,2017-12-28,21:39:18,2017-12-28 21:39:18,,,3.2,3,0,0.0,106.4,3.69,0.18,4.58,6,1.3,,1318,89,13.5,37
A1000042F1E07F,2017-12-28,21:24:05,2017-12-28 21:24:05,,,3.2,3,0,0.0,106.4,3.69,1.57,0.55,6,1.3,,1232,75,14.08,37
A1000042F1E07F,2017-12-28,21:08:53,2017-12-28 21:08:53,,,3.2,3,0,0.0,106.4,3.68,1.82,0.0,6,1.3,,510,93,18.57,37
A1000042F1E07F,2017-12-28,20:53:41,2017-12-28 20:53:41,,,3.2,3,0,0.0,106.4,3.69,3.26,0.0,6,1.3,,510,94,18.13,37
A1000042F1E07F,2017-12-28,20:38:29,2017-12-28 20:38:29,,,3.2,3,0,0.0,106.4,3.69,4.31,0.0,6,1.3,,510,93,16.97,37
A1000042F1E07F,2017-12-28,20:23:17,2017-12-28 20:23:17,,,3.2,3,0,0.0,106.4,3.69,4.31,0.0,6,1.3,,510,93,14.95,37
A1000042F1E07F,2017-12-28,20:08:05,2017-12-28 20:08:05,,,3.2,3,0,0.0,106.4,3.69,4.98,0.0,6,1.3,,510,82,14.66,37
A1000042F1E07F,2017-12-28,19:52:53,2017-12-28 19:52:53,,,3.2,3,0,0.0,106.4,3.69,4.92,0.0,6,1.3,,228,94,20.16,37
A1000042F1E07F,2017-12-28,19:37:41,2017-12-28 19:37:41,,,3.2,3,0,0.0,106.4,3.69,5.08,0.0,6,1.3,,228,94,20.3,37
A1000042F1E07F,2017-12-28,19:22:29,2017-12-28 19:22:29,,,3.2,3,0,0.0,106.4,3.69,5.03,0.0,6,1.3,,228,94,20.59,37
A1000042F1E07F,2017-12-28,19:07:17,2017-12-28 19:07:17,,,3.2,3,0,0.0,106.4,3.68,4.98,0.0,6,1.3,,228,95,21.46,37
A1000042F1E07F,2017-12-28,18:52:06,2017-12-28 18:52:06,,,3.2,3,0,0.0,106.4,3.68,5.08,0.0,6,1.3,,228,95,22.76,37
A1000042F1E07F,2017-12-28,18:36:54,2017-12-28 18:36:54,,,3.2,3,0,0.0,106.4,3.68,5.0,0.0,6,1.3,,228,95,24.21,37
A1000042F1E07F,2017-12-28,18:21:42,2017-12-28 18:21:42,,,3.2,3,0,0.0,106.4,3.68,5.35,0.0,6,1.3,,228,96,25.51,37
A1000042F1E07F,2017-12-28,18:06:31,2017-12-28 18:06:31,,,3.2,3,0,0.0,106.4,3.68,5.17,0.0,6,1.3,,228,96,28.41,37
A1000042F1E07F,2017-12-28,17:51:20,2017-12-28 17:51:20,,,3.2,3,0,0.0,106.4,3.68,5.4,0.0,6,1.3,,228,96,29.71,37
A1000042F1E07F,2017-12-28,17:36:09,2017-12-28 17:36:09,,,3.2,3,0,0.0,106.4,3.68,5.38,0.03,6,1.3,,228,96,28.55,37
A1000042F1E07F,2017-12-28,17:20:57,2017-12-28 17:20:57,,,3.2,3,0,0.0,106.4,3.68,5.39,0.0,6,1.3,,228,95,25.37,37
A1000042F1E07F,2017-12-28,17:05:45,2017-12-28 17:05:45,,,3.2,3,0,0.0,106.4,3.68,5.68,0.0,6,1.3,,228,91,21.32,37
A1000042F1E07F,2017-12-28,16:50:33,2017-12-28 16:50:33,,,3.2,3,0,0.0,106.4,3.69,6.16,33.79,6,1.3,,165,89,17.26,37
A1000042F1E07F,2017-12-28,16:35:21,2017-12-28 16:35:21,,,3.2,3,0,0.0,106.4,3.68,5.84,8.15,6,1.3,,33,93,16.97,37
A1000042F1E07F,2017-12-28,16:20:09,2017-12-28 16:20:09,,,3.2,3,0,0.0,106.4,3.68,5.08,0.0,6,1.3,,0,93,16.39,37
A1000042F1E07F,2017-12-28,16:04:57,2017-12-28 16:04:57,,,3.2,3,0,0.0,106.4,3.68,5.31,0.0,6,1.3,,0,93,14.95,37
A1000042F1E07F,2017-12-28,15:49:44,2017-12-28 15:49:44,,,3.2,3,0,0.0,106.4,3.68,5.42,0.0,6,1.3,,0,35,13.93,37
A1000042F1E07F,2017-12-28,15:35:28,2017-12-28 15:35:28,44.511562,-69.923965,3.2,3,0,0.0,106.4,3.64,5.56,0.0,6,1.3,,0,64,8.58,37
A1000042F1E07F,2017-12-28,15:19:09,2017-12-28 15:19:09,,,1.3,3,0,0.0,96.8,3.7,6.25,23.98,6,2.4,,0,43,4.82,7
A1000042F1E07F,2017-12-28,15:03:50,2017-12-28 15:03:50,,,1.3,3,0,0.0,96.8,3.69,6.25,32.32,6,2.4,,5137,89,17.84,7
A1000042F1E07F,2017-12-28,14:48:38,2017-12-28 14:48:38,,,1.3,3,0,0.0,96.8,3.69,5.17,0.0,6,2.4,,4959,93,17.26,7
A1000042F1E07F,2017-12-28,14:33:26,2017-12-28 14:33:26,,,1.3,3,0,0.0,96.8,3.69,5.27,0.0,6,2.4,,4959,92,15.82,7
A1000042F1E07F,2017-12-28,14:18:13,2017-12-28 14:18:13,,,1.3,3,0,0.0,96.8,3.69,5.5,0.0,6,2.4,,4939,70,11.18,7
A1000042F1E07F,2017-12-28,14:03:01,2017-12-28 14:03:01,,,1.3,3,0,0.0,96.8,3.68,5.43,0.0,6,2.4,,4184,93,13.36,7
A1000042F1E07F,2017-12-28,13:47:48,2017-12-28 13:47:48,,,1.3,3,0,0.0,96.8,3.68,5.26,0.0,6,2.4,,4184,93,13.79,7
A1000042F1E07F,2017-12-28,13:32:36,2017-12-28 13:32:36,,,1.3,3,0,0.0,96.8,3.68,5.15,0.0,6,2.4,,4184,92,13.5,7
A1000042F1E07F,2017-12-28,13:17:24,2017-12-28 13:17:24,,,1.3,3,0,0.0,96.8,3.68,5.09,0.0,6,2.4,,4184,91,13.21,7
A1000042F1E07F,2017-12-28,13:02:11,2017-12-28 13:02:11,,,1.3,3,0,0.0,96.8,3.68,5.04,0.0,6,2.4,,4174,93,13.21,7
A1000042F1E07F,2017-12-28,12:46:59,2017-12-28 12:46:59,,,1.3,3,0,0.0,96.8,3.68,4.94,0.0,6,2.4,,4174,92,12.05,7
A1000042F1E07F,2017-12-28,12:31:46,2017-12-28 12:31:46,,,1.3,3,0,0.0,96.8,3.68,4.5,0.0,6,2.4,,4174,92,11.04,7
A1000042F1E07F,2017-12-28,12:16:34,2017-12-28 12:16:34,,,1.3,3,0,0.0,96.8,3.68,3.74,0.0,6,2.4,,4173,75,16.68,7
A1000042F1E07F,2017-12-28,12:01:23,2017-12-28 12:01:23,,,1.3,3,0,0.0,96.8,3.67,1.55,0.0,6,2.4,,3521,98,34.05,7
A1000042F1E07F,2017-12-28,11:46:12,2017-12-28 11:46:12,,,1.3,3,0,0.0,96.8,3.67,0.12,4.64,6,2.4,,3517,97,34.05,7
A1000042F1E07F,2017-12-28,11:31:02,2017-12-28 11:31:02,,,1.3,3,0,0.0,96.8,3.67,0.12,4.64,6,2.4,,3517,5170,33.91,7
